customer_id,tenure_months,monthly_spend,contract_type,product_plan,payment_method,late_payments_6m,support_tickets_3m,complaints_6m,average_weekly_usage_hours,days_since_last_login,satisfaction_score,auto_renew,churned
CUST-1928,8,147.66,Month-to-Month,Premium,Electronic Check,0,1,3,23.6,25,2,0,1
CUST-1863,28,95.82,Month-to-Month,Premium,Credit Card,0,5,0,45.1,16,4,0,0
CUST-1031,39,57.3,Two-Year,Premium,Electronic Check,0,3,0,31.4,25,5,1,0
CUST-1974,40,108.93,Two-Year,Premium,Credit Card,0,4,0,39.5,25,5,1,0
CUST-1894,1,60.49,Month-to-Month,Standard,Bank Transfer,0,4,0,25.3,22,4,0,0
CUST-1058,12,81.1,Month-to-Month,Standard,Electronic Check,0,1,0,28.4,9,4,0,0
CUST-1679,12,87.8,Month-to-Month,Premium,Bank Transfer,0,0,0,19.0,23,5,0,0
CUST-1339,6,95.54,One-Year,Standard,Bank Transfer,0,0,0,21.0,21,1,1,0
CUST-1023,63,52.65,One-Year,Basic,Mailed Check,2,0,0,26.2,8,5,0,0
CUST-1683,13,63.07,One-Year,Premium,Credit Card,4,1,0,30.1,27,3,1,0
CUST-1467,63,107.37,Two-Year,Standard,Credit Card,0,3,0,24.4,3,4,1,0
CUST-1008,15,39.87,Month-to-Month,Premium,Mailed Check,0,3,0,49.9,16,5,1,0
CUST-1066,69,69.4,Two-Year,Premium,Mailed Check,0,0,0,20.9,21,5,1,0
CUST-1911,49,25.47,One-Year,Premium,Credit Card,0,0,0,21.1,18,5,0,0
CUST-1206,34,41.71,Month-to-Month,Premium,Electronic Check,0,0,0,13.1,25,4,0,0
CUST-1501,24,24.66,One-Year,Basic,Mailed Check,3,3,0,39.6,17,2,0,0
CUST-1624,62,57.84,One-Year,Basic,Bank Transfer,0,1,0,2.3,23,5,0,0
CUST-1664,56,67.92,Two-Year,Basic,Mailed Check,0,1,0,8.7,18,5,1,0
CUST-1806,63,97.14,One-Year,Basic,Mailed Check,0,3,0,33.9,24,5,1,0
CUST-1593,14,112.63,One-Year,Basic,Electronic Check,0,4,0,26.0,12,2,1,0
CUST-1609,44,23.86,One-Year,Standard,Mailed Check,3,0,0,30.6,0,2,1,0
CUST-1790,15,113.11,Month-to-Month,Standard,Mailed Check,0,0,0,39.7,23,3,0,1
CUST-1495,56,131.32,Two-Year,Basic,Electronic Check,0,1,0,17.5,39,5,1,0
CUST-1173,32,94.35,Month-to-Month,Premium,Mailed Check,0,2,0,30.7,2,5,0,0
CUST-1478,39,149.51,Two-Year,Basic,Credit Card,3,4,0,12.4,18,4,1,0
CUST-1145,35,144.02,One-Year,Premium,Credit Card,0,2,0,14.4,3,5,0,0
CUST-1108,37,50.89,One-Year,Basic,Bank Transfer,0,4,0,6.2,28,4,0,0
CUST-1425,23,63.62,Month-to-Month,Standard,Bank Transfer,0,1,0,23.0,14,5,1,0
CUST-1505,37,62.01,One-Year,Premium,Credit Card,0,4,0,27.2,5,4,1,0
CUST-1824,1,60.45,One-Year,Standard,Credit Card,0,4,0,5.3,29,1,0,1
CUST-1473,61,81.87,One-Year,Premium,Credit Card,0,3,0,26.4,21,5,1,0
CUST-1153,25,141.86,One-Year,Basic,Credit Card,0,3,0,37.6,37,4,1,0
CUST-1370,59,135.39,Two-Year,Standard,Credit Card,0,3,0,17.0,30,5,1,0
CUST-1235,11,106.86,One-Year,Standard,Bank Transfer,0,3,0,17.9,17,4,1,0
CUST-1949,50,80.26,Two-Year,Standard,Mailed Check,0,4,0,10.2,6,5,0,0
CUST-1736,23,54.49,One-Year,Standard,Electronic Check,0,3,0,12.5,47,3,0,1
CUST-1472,23,92.37,One-Year,Premium,Bank Transfer,0,1,0,26.8,24,4,0,0
CUST-1995,6,105.36,Month-to-Month,Premium,Electronic Check,0,1,0,12.9,8,2,0,1
CUST-1100,40,92.66,Two-Year,Standard,Bank Transfer,0,5,0,36.7,2,5,1,0
CUST-1024,15,29.78,One-Year,Basic,Credit Card,0,4,0,18.3,1,1,0,1
CUST-1528,57,110.67,Two-Year,Standard,Bank Transfer,3,0,0,16.8,23,3,1,0
CUST-1849,50,53.24,One-Year,Premium,Credit Card,0,4,0,15.2,23,5,1,0
CUST-1539,40,92.94,One-Year,Premium,Credit Card,0,4,0,40.8,30,5,1,0
CUST-1925,7,112.57,Month-to-Month,Premium,Credit Card,0,0,0,32.1,23,2,0,0
CUST-1605,50,71.7,Two-Year,Basic,Bank Transfer,0,1,0,11.6,9,5,0,0
CUST-1157,60,138.92,Two-Year,Standard,Mailed Check,0,1,0,11.7,10,5,1,0
CUST-1879,72,31.44,One-Year,Standard,Electronic Check,0,2,0,7.3,24,5,0,0
CUST-1290,71,79.96,Two-Year,Basic,Electronic Check,6,2,0,24.1,30,3,1,0
CUST-1459,29,128.1,One-Year,Premium,Credit Card,2,0,0,47.1,15,4,0,0
CUST-1575,36,44.78,One-Year,Basic,Electronic Check,0,7,2,30.8,0,2,0,1
CUST-1862,21,93.79,One-Year,Standard,Mailed Check,0,1,0,28.4,4,4,1,0
CUST-1953,13,122.31,Month-to-Month,Basic,Credit Card,0,0,0,5.4,29,2,0,1
CUST-1355,56,57.67,Two-Year,Basic,Bank Transfer,0,3,0,3.9,12,5,1,0
CUST-1453,35,73.89,One-Year,Standard,Bank Transfer,0,3,0,20.6,26,5,1,0
CUST-1709,27,109.35,One-Year,Standard,Mailed Check,0,1,0,36.3,21,4,1,0
CUST-1693,36,72.66,One-Year,Premium,Mailed Check,0,4,0,45.9,5,5,1,0
CUST-1170,49,76.14,Two-Year,Premium,Mailed Check,0,4,0,21.4,2,5,0,0
CUST-1347,25,45.11,One-Year,Basic,Bank Transfer,0,4,0,6.0,20,5,0,0
CUST-1513,51,124.6,One-Year,Basic,Bank Transfer,0,7,1,10.0,20,3,0,0
CUST-1661,32,148.64,Month-to-Month,Premium,Credit Card,0,7,1,48.0,28,3,1,0
CUST-1987,28,39.79,Month-to-Month,Premium,Electronic Check,0,2,0,18.1,6,5,0,0
CUST-1937,38,20.62,One-Year,Premium,Electronic Check,0,3,0,26.1,26,4,1,0
CUST-1146,40,109.74,Two-Year,Standard,Electronic Check,0,1,0,20.2,14,5,1,0
CUST-1326,35,98.7,One-Year,Standard,Mailed Check,0,2,0,21.8,14,4,1,0
CUST-1093,56,96.55,Two-Year,Basic,Mailed Check,0,5,0,14.7,5,,1,0
CUST-1866,5,71.8,Month-to-Month,Standard,Credit Card,0,4,0,22.4,2,1,0,1
CUST-1958,11,66.11,Month-to-Month,Basic,Mailed Check,0,2,0,9.3,8,1,0,1
CUST-1180,29,77.95,One-Year,Standard,Bank Transfer,0,0,0,13.2,29,5,1,0
CUST-1291,25,61.31,One-Year,Standard,Electronic Check,0,1,0,15.9,10,4,1,0
CUST-1266,2,103.64,Month-to-Month,Premium,Mailed Check,4,1,0,24.2,10,3,0,0
CUST-1811,33,81.37,Month-to-Month,Standard,Bank Transfer,0,5,0,2.4,13,4,1,0
CUST-1904,40,47.14,Two-Year,Premium,Credit Card,4,3,0,43.3,24,4,0,0
CUST-1279,24,145.12,One-Year,Premium,Credit Card,0,3,0,22.0,5,3,1,0
CUST-1875,1,119.09,Month-to-Month,Basic,Mailed Check,0,1,0,31.1,0,2,0,1
CUST-1583,63,79.83,Two-Year,Basic,Credit Card,0,3,0,34.0,25,4,1,0
CUST-1623,25,111.14,One-Year,Standard,Credit Card,0,4,0,4.1,29,5,1,0
CUST-1529,40,87.77,Two-Year,Basic,Credit Card,0,7,1,31.4,23,1,0,0
CUST-1414,28,143.56,One-Year,Basic,Credit Card,6,4,0,31.0,20,2,0,1
CUST-1276,19,129.12,One-Year,Standard,Bank Transfer,0,0,0,19.2,19,5,0,0
CUST-1061,15,79.99,Month-to-Month,Premium,Bank Transfer,0,5,0,38.8,13,4,0,0
CUST-1323,21,27.8,One-Year,Standard,Credit Card,0,2,0,15.7,17,3,1,0
CUST-1469,52,148.38,Two-Year,Standard,Bank Transfer,4,0,0,20.9,20,2,0,0
CUST-1810,38,113.59,Two-Year,Standard,Electronic Check,0,2,0,8.3,9,5,0,0
CUST-1582,61,40.64,Two-Year,Standard,Bank Transfer,0,5,0,9.7,4,5,0,0
CUST-1171,50,61.17,One-Year,Basic,Credit Card,0,3,0,12.3,4,5,1,0
CUST-1015,7,107.54,One-Year,Basic,Credit Card,0,2,0,6.2,6,4,1,0
CUST-1587,60,28.87,Two-Year,Premium,Bank Transfer,3,3,0,44.0,5,2,1,0
CUST-1897,7,123.25,Month-to-Month,Basic,Bank Transfer,0,1,0,14.3,18,3,0,0
CUST-1268,71,20.02,One-Year,Premium,Electronic Check,0,4,0,37.5,30,4,0,0
CUST-1060,35,91.4,One-Year,Standard,Mailed Check,0,5,0,11.1,5,5,1,0
CUST-1117,47,67.08,Two-Year,Basic,Bank Transfer,0,2,0,31.0,18,5,1,0
CUST-1306,67,35.32,One-Year,Standard,Bank Transfer,0,2,0,6.1,13,,0,0
CUST-1756,4,101.79,One-Year,Basic,Bank Transfer,0,6,1,34.9,10,3,1,1
CUST-1646,68,86.86,One-Year,Standard,Credit Card,0,0,0,27.0,7,5,1,0
CUST-1900,59,127.91,One-Year,Premium,Electronic Check,0,2,0,28.6,30,,1,0
CUST-1205,12,140.2,Month-to-Month,Standard,Credit Card,0,5,0,8.7,0,1,0,1
CUST-1021,9,134.31,Month-to-Month,Standard,Bank Transfer,0,4,0,25.2,25,1,0,0
CUST-1927,13,60.46,Month-to-Month,Premium,Mailed Check,3,3,0,27.3,7,3,1,0
CUST-1264,46,99.48,Two-Year,Premium,Bank Transfer,4,3,0,28.7,2,2,0,0
CUST-1537,17,119.05,One-Year,Premium,Mailed Check,0,5,0,44.9,10,5,0,0
CUST-1362,41,83.01,Two-Year,Premium,Credit Card,0,4,0,33.3,38,5,1,0
CUST-1773,46,82.43,Two-Year,Basic,Mailed Check,0,0,0,25.2,10,4,1,0
CUST-1850,60,23.84,Two-Year,Premium,Bank Transfer,0,4,0,49.8,0,5,0,0
CUST-1830,5,61.91,Month-to-Month,Premium,Electronic Check,0,0,0,30.1,10,1,0,1
CUST-1578,69,58.95,Two-Year,Basic,Credit Card,0,1,0,39.8,18,5,1,0
CUST-1722,49,55.09,One-Year,Basic,Mailed Check,0,2,0,30.6,28,5,1,0
CUST-1451,2,57.0,Month-to-Month,Standard,Mailed Check,0,0,0,35.7,23,4,0,0
CUST-1799,70,22.59,Two-Year,Basic,Mailed Check,0,5,0,15.4,24,5,1,0
CUST-1973,9,143.88,One-Year,Standard,Electronic Check,0,4,0,32.5,13,3,0,0
CUST-1054,61,57.86,One-Year,Standard,Electronic Check,2,3,0,37.1,25,5,0,0
CUST-1961,55,72.94,Two-Year,Basic,Electronic Check,0,4,0,12.7,2,5,0,0
CUST-1399,12,95.75,One-Year,Premium,Mailed Check,5,2,0,48.8,0,2,0,0
CUST-1462,2,118.09,Month-to-Month,Premium,Bank Transfer,0,1,0,25.4,2,3,0,1
CUST-1039,4,30.91,Month-to-Month,Basic,Mailed Check,0,2,0,10.0,10,4,0,0
CUST-1543,49,142.41,One-Year,Basic,Bank Transfer,0,4,0,20.7,24,5,1,0
CUST-1814,36,43.18,One-Year,Basic,Bank Transfer,0,4,0,16.6,18,5,1,0
CUST-1667,70,115.7,Two-Year,Premium,Credit Card,0,3,0,45.9,26,5,1,0
CUST-1226,46,49.02,Two-Year,Basic,Mailed Check,0,5,0,8.8,0,5,0,0
CUST-1212,40,33.51,Two-Year,Basic,Mailed Check,0,0,0,7.4,8,5,1,0
CUST-1751,50,86.7,One-Year,Premium,Bank Transfer,0,5,0,29.5,27,5,1,0
CUST-1826,25,117.16,One-Year,Basic,Electronic Check,0,5,0,12.6,18,4,1,0
CUST-1382,16,115.87,Month-to-Month,Premium,Mailed Check,0,2,0,42.6,37,3,1,0
CUST-1568,56,134.19,One-Year,Basic,Bank Transfer,0,1,0,9.3,12,5,1,0
CUST-1147,61,118.46,Two-Year,Basic,Bank Transfer,0,4,0,5.1,14,4,0,0
CUST-1545,53,77.98,Two-Year,Premium,Bank Transfer,0,1,0,49.4,25,5,1,0
CUST-1847,17,55.72,One-Year,Premium,Electronic Check,3,1,0,20.4,19,4,1,0
CUST-1242,40,112.24,Two-Year,Basic,Credit Card,0,1,0,11.5,14,5,1,0
CUST-1554,69,99.88,Two-Year,Premium,Mailed Check,0,6,1,24.3,27,1,0,0
CUST-1480,24,94.99,Month-to-Month,Premium,Mailed Check,0,5,0,35.3,24,5,1,0
CUST-1622,39,147.97,Two-Year,Basic,Credit Card,0,2,0,20.0,11,4,1,0
CUST-1798,63,114.66,Two-Year,Premium,Credit Card,0,3,0,45.3,17,5,0,0
CUST-1741,18,$108.83,Month-to-Month,Standard,Bank Transfer,0,1,0,5.3,18,4,0,0
CUST-1747,65,77.7,One-Year,Basic,Electronic Check,0,1,0,34.0,17,5,1,0
CUST-1364,4,142.74,Month-to-Month,Basic,Bank Transfer,0,3,0,5.3,12,5,0,0
CUST-1244,34,117.36,One-Year,Basic,Electronic Check,0,3,3,27.8,8,1,0,0
CUST-1174,32,113.72,One-Year,Premium,Bank Transfer,0,1,0,48.1,10,5,1,0
CUST-1717,54,108.68,Two-Year,Standard,Electronic Check,0,0,0,20.9,8,5,1,0
CUST-1201,66,44.52,Two-Year,Standard,Credit Card,0,1,0,6.3,15,5,0,0
CUST-1116,8,29.76,One-Year,Standard,Electronic Check,0,5,0,38.2,4,4,1,0
CUST-1645,63,27.47,One-Year,Premium,Mailed Check,3,2,0,45.8,5,2,1,0
CUST-1133,69,83.68,Two-Year,Standard,Mailed Check,0,2,0,6.2,13,5,1,0
CUST-1184,24,67.55,Month-to-Month,Standard,Credit Card,0,3,0,26.3,19,4,0,0
CUST-1375,49,25.71,One-Year,Standard,Bank Transfer,0,1,0,29.1,13,5,0,0
CUST-1334,42,22.52,One-Year,Premium,Credit Card,0,0,0,16.8,14,4,1,0
CUST-1084,20,109.29,One-Year,Basic,Credit Card,0,0,0,30.3,11,5,1,0
CUST-1550,57,107.39,Two-Year,Standard,Electronic Check,0,5,0,6.7,11,4,1,0
CUST-1330,56,88.05,Two-Year,Premium,Electronic Check,0,3,0,42.6,14,5,1,0
CUST-1981,36,79.27,Month-to-Month,Premium,Mailed Check,1,4,0,16.7,27,,0,0
CUST-1793,24,115.36,One-Year,Basic,Bank Transfer,0,0,0,34.6,23,4,1,0
CUST-1518,44,139.83,Two-Year,Premium,Mailed Check,0,2,0,26.8,13,5,0,0
CUST-1156,49,122.15,Two-Year,Premium,Mailed Check,0,2,0,40.7,15,5,0,0
CUST-1776,54,29.28,Two-Year,Standard,Bank Transfer,0,5,1,36.1,11,1,1,1
CUST-1363,21,22.39,One-Year,Standard,Electronic Check,0,1,0,39.2,8,3,0,0
CUST-1458,13,89.47,One-Year,Basic,Credit Card,0,2,0,20.4,10,2,1,0
CUST-1338,39,45.83,One-Year,Premium,Bank Transfer,0,1,0,24.3,5,4,1,0
CUST-1372,57,71.75,Two-Year,Standard,Mailed Check,0,2,0,4.1,16,5,1,0
CUST-1016,60,52.47,One-Year,Standard,Credit Card,0,4,0,38.8,,4,1,0
CUST-1356,18,82.52,Month-to-Month,Standard,Mailed Check,0,1,0,39.9,16,1,0,0
CUST-1941,64,46.1,Two-Year,Basic,Mailed Check,0,0,0,33.7,5,4,1,0
CUST-1277,72,70.56,Two-Year,Premium,Electronic Check,0,0,0,26.7,30,5,1,0
CUST-1409,64,117.86,Two-Year,Standard,Bank Transfer,0,5,0,10.0,23,5,1,0
CUST-1003,44,33.29,Two-Year,Basic,Electronic Check,0,4,0,3.7,14,4,1,0
CUST-1708,19,56.72,Month-to-Month,Basic,Credit Card,0,2,0,9.9,3,1,0,0
CUST-1130,52,26.65,Two-Year,Basic,Electronic Check,0,0,0,19.1,17,5,0,0
CUST-1280,20,25.19,One-Year,Premium,Credit Card,0,5,0,37.2,15,5,1,0
CUST-1838,54,43.34,Two-Year,Premium,Credit Card,0,0,0,39.8,20,4,1,0
CUST-1468,26,97.34,One-Year,Basic,Bank Transfer,0,5,0,31.1,24,5,0,0
CUST-1175,18,59.06,One-Year,Premium,Bank Transfer,0,1,0,48.8,9,4,0,0
CUST-1018,-12,48.3,One-Year,Premium,Credit Card,4,0,0,31.1,27,2,0,1
CUST-1172,14,23.41,One-Year,Premium,Credit Card,0,2,0,12.5,13,1,0,0
CUST-1876,48,23.08,Two-Year,Standard,Electronic Check,0,5,0,10.2,16,4,1,0
CUST-1663,33,133.1,One-Year,Premium,Bank Transfer,0,1,0,19.7,20,4,1,0
CUST-1142,38,133.98,One-Year,Standard,Credit Card,0,2,0,39.6,17,5,1,0
CUST-1857,60,85.03,One-Year,Premium,Electronic Check,0,1,0,39.4,32,5,0,0
CUST-1319,65,65.15,Two-Year,Basic,Mailed Check,0,5,0,14.0,37,5,1,0
CUST-1655,43,66.87,Two-Year,Premium,Electronic Check,0,2,0,26.6,28,4,1,0
CUST-1695,26,30.12,One-Year,Premium,Bank Transfer,0,5,0,40.0,59,4,1,0
CUST-1020,41,51.03,Two-Year,Basic,Electronic Check,5,0,0,39.9,3,3,1,0
CUST-1527,71,133.56,Two-Year,Premium,Electronic Check,0,0,0,46.2,19,5,0,0
CUST-1168,51,140.75,Two-Year,Basic,Bank Transfer,0,3,0,22.5,12,5,0,0
CUST-1548,44,102.57,Two-Year,Standard,Electronic Check,0,2,0,19.5,19,5,0,0
CUST-1440,35,85.46,One-Year,Standard,Credit Card,0,2,0,21.1,26,5,0,0
CUST-1354,68,25.35,Two-Year,Premium,Bank Transfer,0,5,0,13.9,23,5,1,0
CUST-1479,39,85.6,Two-Year,Standard,Electronic Check,0,3,0,21.6,21,4,0,0
CUST-1613,11,65.28,Month-to-Month,Premium,Credit Card,0,2,0,39.1,27,5,0,1
CUST-1076,13,50.52,One-Year,Basic,Mailed Check,0,5,0,28.5,17,2,0,0
CUST-1342,71,40.84,Two-Year,Basic,Mailed Check,0,2,0,19.3,24,5,1,0
CUST-1653,66,75.52,One-Year,Standard,Credit Card,0,2,0,29.0,7,4,1,0
CUST-1373,15,43.37,One-Year,Premium,Bank Transfer,0,2,0,18.8,18,2,0,1
CUST-1245,2,81.63,Month-to-Month,Premium,Bank Transfer,0,0,0,35.1,30,3,0,1
CUST-1014,63,47.85,One-Year,Premium,Mailed Check,0,3,0,19.2,3,5,1,0
CUST-1406,39,114.51,Two-Year,Standard,Credit Card,0,4,0,4.0,9,4,1,0
CUST-1823,52,74.13,Two-Year,Premium,Credit Card,3,4,0,15.2,50,4,1,0
CUST-1324,45,132.76,Two-Year,Basic,Bank Transfer,0,2,0,27.6,15,4,1,0
CUST-1243,60,85.67,Two-Year,Basic,Credit Card,0,3,0,8.7,27,5,1,0
CUST-1230,58,29.58,One-Year,Standard,Credit Card,2,0,0,35.7,5,4,1,0
CUST-1221,4,61.45,Month-to-Month,Basic,Electronic Check,0,7,1,40.0,5,2,0,0
CUST-1183,51,23.79,Two-Year,Basic,Mailed Check,2,3,0,9.8,24,5,1,0
CUST-1120,38,135.87,One-Year,Premium,Bank Transfer,0,4,0,49.4,25,4,1,0
CUST-1103,31,146.05,One-Year,Standard,Mailed Check,0,-3,0,32.7,15,5,0,0
CUST-1992,55,116.44,Two-Year,Basic,Electronic Check,0,0,0,3.3,3,5,0,0
CUST-1254,48,143.51,Two-Year,Premium,Bank Transfer,0,3,3,25.1,4,2,1,0
CUST-1359,2,64.63,Month-to-Month,Standard,Mailed Check,0,2,0,22.4,6,3,0,0
CUST-1059,41,52.81,One-Year,Standard,Credit Card,0,4,0,4.1,16,5,1,0
CUST-1333,35,57.01,One-Year,Premium,Electronic Check,0,0,0,23.0,20,5,0,0
CUST-1037,54,28.09,Two-Year,Standard,Credit Card,0,4,0,2.2,11,5,1,0
CUST-1063,63,132.48,Two-Year,Premium,Mailed Check,0,4,0,26.3,29,5,1,0
CUST-1699,71,97.34,Two-Year,Standard,Mailed Check,0,5,0,18.6,9,4,0,0
CUST-1625,49,143.55,Two-Year,Premium,Bank Transfer,0,0,0,30.0,30,5,1,0
CUST-1933,26,56.73,Month-to-Month,Standard,Bank Transfer,0,5,0,18.5,2,4,0,0
CUST-1627,12,121.11,One-Year,Standard,Electronic Check,0,3,0,6.6,2,5,1,0
CUST-1870,59,148.99,Two-Year,Standard,Electronic Check,0,1,0,20.4,9,5,0,0
CUST-1748,16,76.21,One-Year,Basic,Bank Transfer,0,5,0,8.5,23,2,1,0
CUST-1394,45,98.58,One-Year,Premium,Credit Card,0,5,0,24.4,20,5,1,0
CUST-1861,57,62.99,Two-Year,Premium,Electronic Check,2,4,0,17.6,59,5,1,0
CUST-1152,68,36.56,One-Year,Basic,Credit Card,0,3,0,22.7,17,4,1,0
CUST-1812,26,110.23,One-Year,Standard,Electronic Check,0,4,0,7.9,11,5,0,0
CUST-1038,29,83.47,One-Year,Standard,Mailed Check,0,9,1,33.9,29,1,0,1
CUST-1996,6,$133.56,Month-to-Month,Premium,Mailed Check,0,5,0,13.8,11,3,0,1
CUST-1164,62,105.71,One-Year,Basic,Mailed Check,6,5,1,27.6,25,1,0,1
CUST-1419,62,35.76,Two-Year,Standard,Electronic Check,6,3,0,5.4,17,2,0,0
CUST-1584,56,79.52,Two-Year,Basic,Credit Card,0,0,0,35.1,8,5,0,0
CUST-1594,41,147.14,Two-Year,Standard,Credit Card,0,4,0,19.1,16,5,1,0
CUST-1320,34,44.33,One-Year,Basic,Electronic Check,0,4,0,9.0,13,5,0,0
CUST-1255,39,143.3,Two-Year,Premium,Electronic Check,0,5,0,25.0,28,4,0,0
CUST-1051,24,145.51,One-Year,Standard,Credit Card,0,3,0,23.9,21,2,0,0
CUST-1388,13,126.88,One-Year,Premium,Bank Transfer,0,0,0,39.1,16,3,0,0
CUST-1707,49,120.15,Two-Year,Basic,Electronic Check,0,1,0,26.3,18,5,0,0
CUST-1007,34,38.15,One-Year,Premium,Electronic Check,0,3,0,27.2,7,5,1,0
CUST-1606,53,117.82,Two-Year,Basic,Credit Card,0,2,0,12.2,6,5,1,0
CUST-1730,35,84.37,Month-to-Month,Basic,Electronic Check,0,5,0,29.9,3,5,0,0
CUST-1878,44,55.89,Two-Year,Standard,Electronic Check,0,1,0,4.8,24,4,1,0
CUST-1860,19,138.69,One-Year,Basic,Electronic Check,0,5,0,19.4,22,2,0,0
CUST-1963,59,102.03,Two-Year,Premium,Credit Card,0,0,0,19.6,23,4,0,0
CUST-1337,67,106.58,One-Year,Standard,Mailed Check,0,2,0,8.0,60,5,1,0
CUST-1155,42,-120.5,One-Year,Premium,Bank Transfer,5,2,0,45.4,29,4,1,0
CUST-1592,2,70.59,Month-to-Month,Basic,Credit Card,0,2,0,16.0,2,4,0,0
CUST-1336,25,136.44,One-Year,Standard,Credit Card,0,5,0,31.3,14,4,1,0
CUST-1216,19,31.86,Month-to-Month,Standard,Mailed Check,0,5,0,33.2,43,4,0,1
CUST-1885,20,44.55,Month-to-Month,Basic,Electronic Check,0,0,0,37.9,1,5,1,0
CUST-1154,7,51.82,Month-to-Month,Standard,Mailed Check,0,1,0,31.5,4,3,0,0
CUST-1893,68,42.07,One-Year,Basic,Electronic Check,0,0,0,4.5,30,5,1,0
CUST-1713,40,41.53,One-Year,Premium,Mailed Check,0,3,0,40.4,26,5,1,0
CUST-1967,1,105.13,One-Year,Standard,Electronic Check,4,0,0,15.1,23,2,0,0
CUST-1287,39,98.85,Two-Year,Standard,Mailed Check,2,5,0,22.3,4,5,0,0
CUST-1916,57,$136.45,One-Year,Basic,Electronic Check,0,7,2,22.5,12,2,1,0
CUST-1740,46,52.33,Two-Year,Premium,Mailed Check,0,0,0,47.0,19,5,0,0
CUST-1801,3,118.17,One-Year,Basic,Mailed Check,0,0,0,13.5,7,,1,0
CUST-1341,18,52.59,Month-to-Month,Standard,Mailed Check,0,4,0,9.2,5,3,1,0
CUST-1611,49,$99.41,Two-Year,Standard,Credit Card,1,5,1,35.0,8,2,1,0
CUST-1489,57,102.08,Two-Year,Standard,Credit Card,0,0,0,37.7,15,5,1,0
CUST-1240,31,26.41,One-Year,Standard,Electronic Check,0,5,1,20.7,22,2,1,0
CUST-1135,25,22.46,One-Year,Standard,Bank Transfer,0,1,0,31.4,29,5,1,0
CUST-1610,49,98.39,Two-Year,Standard,Mailed Check,0,4,0,16.1,28,4,0,0
CUST-1589,67,103.33,Two-Year,Premium,Credit Card,0,2,0,34.7,1,4,1,0
CUST-1400,31,76.12,One-Year,Standard,Electronic Check,0,3,0,22.7,,4,1,0
CUST-1832,39,25.22,One-Year,Premium,Credit Card,0,2,0,27.2,0,5,0,0
CUST-1239,45,134.13,Two-Year,Standard,Mailed Check,3,3,0,17.3,19,2,1,0
CUST-1427,58,73.56,One-Year,Premium,Credit Card,0,5,0,48.1,20,5,1,0
CUST-1203,8,143.33,Month-to-Month,Premium,Electronic Check,0,4,0,28.1,12,5,1,0
CUST-1251,16,81.17,One-Year,Premium,Credit Card,0,1,0,45.0,12,4,,0
CUST-1470,64,108.15,One-Year,Standard,Electronic Check,0,4,0,30.9,21,5,1,0
CUST-1322,20,81.49,Month-to-Month,Basic,Mailed Check,0,5,0,29.4,25,3,0,0
CUST-1977,19,101.07,Month-to-Month,Premium,Mailed Check,0,5,0,29.1,24,3,0,0
CUST-1829,27,53.57,One-Year,Standard,Credit Card,0,4,0,9.1,4,5,1,0
CUST-1408,23,53.96,One-Year,Basic,Mailed Check,0,4,0,15.0,2,5,0,0
CUST-1906,42,$21.4,One-Year,Premium,Electronic Check,0,5,0,20.8,14,5,0,0
CUST-1780,15,110.1,One-Year,Premium,Mailed Check,0,2,0,14.9,11,5,1,0
CUST-1909,14,132.47,One-Year,Premium,Electronic Check,0,5,0,27.9,26,3,1,0
CUST-1945,14,108.96,Month-to-Month,Standard,Credit Card,0,3,0,6.5,7,1,1,0
CUST-1057,3,149.94,One-Year,Standard,Credit Card,0,1,0,26.8,29,5,1,0
CUST-1762,39,121.6,One-Year,Basic,Credit Card,0,5,1,30.0,17,3,0,0
CUST-1233,62,45.96,One-Year,Basic,Bank Transfer,0,0,0,6.4,25,5,1,0
CUST-1650,2,76.46,Month-to-Month,Standard,Mailed Check,0,6,1,9.1,8,2,0,1
CUST-1302,24,101.02,One-Year,Standard,Bank Transfer,0,2,0,24.7,2,4,1,0
CUST-1899,63,120.36,Two-Year,Premium,Credit Card,0,2,0,22.0,25,5,1,0
CUST-1964,56,122.91,One-Year,Basic,Credit Card,0,3,0,22.1,15,5,0,0
CUST-1565,43,124.95,Two-Year,Basic,Mailed Check,0,0,0,4.8,0,5,1,0
CUST-1694,22,45.82,One-Year,Standard,Mailed Check,0,1,0,18.6,29,4,0,0
CUST-1080,42,22.05,Two-Year,Basic,Bank Transfer,1,4,0,20.1,24,4,1,0
CUST-1460,67,119.27,Two-Year,Basic,Electronic Check,0,3,1,7.4,7,2,0,0
CUST-1802,49,105.19,One-Year,Premium,Electronic Check,6,0,0,38.7,23,3,1,0
CUST-1735,4,51.77,One-Year,Premium,Mailed Check,4,5,0,36.3,30,4,0,0
CUST-1686,2,38.54,Month-to-Month,Premium,Credit Card,0,3,0,47.5,5,5,1,0
CUST-1746,1,124.73,One-Year,Premium,Bank Transfer,0,0,0,45.4,16,2,1,1
CUST-1030,53,62.4,Two-Year,Standard,Bank Transfer,0,5,0,27.7,28,5,1,0
CUST-1559,8,92.7,Month-to-Month,Standard,Mailed Check,0,2,1,19.6,13,1,0,1
CUST-1257,69,101.01,Two-Year,Basic,Credit Card,1,0,0,17.8,12,5,0,0
CUST-1783,5,128.4,Month-to-Month,Premium,Bank Transfer,0,1,0,32.1,12,3,0,1
CUST-1263,62,123.99,Two-Year,Basic,Credit Card,2,5,0,5.9,29,5,1,0
CUST-1432,50,68.55,Two-Year,Premium,Bank Transfer,0,2,0,16.8,22,4,1,0
CUST-1493,24,71.15,One-Year,Premium,Bank Transfer,0,7,3,49.0,6,1,1,1
CUST-1828,20,89.93,Month-to-Month,Premium,Mailed Check,0,5,0,19.9,22,5,0,0
CUST-1005,48,66.19,Two-Year,Standard,Credit Card,0,1,0,11.3,14,4,0,0
CUST-1844,48,24.98,Two-Year,Premium,Credit Card,6,5,0,40.5,13,3,0,0
CUST-1854,50,95.42,Two-Year,Standard,Mailed Check,0,0,0,7.3,19,5,1,0
CUST-1304,70,127.58,Two-Year,Premium,Mailed Check,0,2,0,38.5,13,5,1,0
CUST-1819,47,88.38,One-Year,Premium,Electronic Check,0,2,0,31.1,0,5,1,0
CUST-1305,13,75.31,One-Year,Standard,Bank Transfer,0,0,0,35.3,13,1,0,0
CUST-1189,47,90.47,One-Year,Premium,Mailed Check,6,3,0,40.6,9,4,1,0
CUST-1343,47,120.88,One-Year,Standard,Credit Card,0,4,0,9.2,21,4,0,0
CUST-1976,43,$110.78,One-Year,Standard,Bank Transfer,0,4,0,33.1,15,5,1,0
CUST-1477,64,85.36,Two-Year,Standard,Bank Transfer,0,2,0,9.7,20,5,1,0
CUST-1274,38,109.26,Two-Year,Basic,Bank Transfer,0,5,0,29.0,24,5,1,0
CUST-1092,41,94.85,Two-Year,Standard,Mailed Check,3,3,0,8.5,30,2,1,0
CUST-1445,21,112.54,One-Year,Basic,Bank Transfer,0,5,0,32.2,,1,0,0
CUST-1785,18,115.35,One-Year,Premium,Credit Card,0,0,0,26.1,20,3,1,0
CUST-1325,19,132.87,One-Year,Standard,Mailed Check,0,4,0,36.5,2,2,1,0
CUST-1412,33,105.06,One-Year,Standard,Bank Transfer,0,4,0,21.8,21,5,1,0
CUST-1309,7,40.9,One-Year,Basic,Credit Card,0,3,0,18.5,2,3,1,0
CUST-1353,11,121.42,Month-to-Month,Standard,Mailed Check,0,0,0,10.6,20,1,0,1
CUST-1905,51,96.88,One-Year,Standard,Credit Card,4,2,0,6.7,23,3,1,0
CUST-1787,19,25.45,One-Year,Premium,Bank Transfer,0,2,0,35.4,3,2,1,0
CUST-1327,33,142.26,One-Year,Premium,Credit Card,1,3,0,47.6,15,5,1,0
CUST-1217,14,124.51,Month-to-Month,Basic,Credit Card,0,3,1,17.2,21,2,1,0
CUST-1845,11,128.79,Month-to-Month,Basic,Bank Transfer,0,2,0,22.5,25,1,0,0
CUST-1281,41,88.3,One-Year,Premium,Credit Card,0,1,0,32.4,,5,1,0
CUST-1970,52,80.27,Two-Year,Standard,Bank Transfer,0,3,0,2.9,4,5,1,0
CUST-1091,56,42.84,Two-Year,Premium,Bank Transfer,0,5,0,14.7,27,4,1,0
CUST-1294,34,90.65,One-Year,Standard,Bank Transfer,0,1,0,24.4,27,5,1,0
CUST-1027,30,48.98,One-Year,Basic,Mailed Check,0,0,0,12.6,20,5,0,0
CUST-1868,9,137.8,Month-to-Month,Premium,Electronic Check,0,8,3,32.4,25,2,0,1
CUST-1430,69,42.87,One-Year,Standard,Credit Card,0,1,0,24.5,10,4,0,0
CUST-1395,31,100.71,One-Year,Basic,Mailed Check,0,2,0,28.4,13,5,0,0
CUST-1990,24,131.85,Month-to-Month,Standard,Mailed Check,0,3,0,24.9,5,4,1,0
CUST-1267,11,79.68,One-Year,Standard,Credit Card,0,3,0,39.3,23,1,1,1
CUST-1086,20,105.38,Month-to-Month,Basic,Electronic Check,3,2,0,23.8,25,2,0,1
CUST-1984,51,110.3,Two-Year,Basic,Bank Transfer,0,0,0,35.0,7,4,1,0
CUST-1446,57,53.85,One-Year,Basic,Credit Card,4,2,0,22.5,5,2,1,0
CUST-1348,22,123.02,One-Year,Standard,Electronic Check,0,4,0,18.8,11,5,0,0
CUST-1096,10,60.35,Month-to-Month,Basic,Credit Card,1,2,0,25.4,16,5,0,0
CUST-1872,39,32.29,Two-Year,Standard,Bank Transfer,0,0,0,10.1,16,5,1,0
CUST-1369,5,73.12,Month-to-Month,Standard,Mailed Check,0,5,0,30.8,2,4,0,0
CUST-1983,17,84.57,Month-to-Month,Basic,Bank Transfer,0,2,3,38.9,10,1,0,1
CUST-1728,57,55.44,One-Year,Basic,Mailed Check,0,3,0,9.2,5,5,1,0
CUST-1442,19,84.52,Month-to-Month,Premium,Credit Card,0,5,0,17.0,11,1,1,0
CUST-1570,27,114.55,One-Year,Premium,Credit Card,0,3,0,36.5,16,5,1,0
CUST-1368,30,109.36,One-Year,Basic,Mailed Check,0,4,0,26.7,5,5,1,0
CUST-1426,49,121.1,One-Year,Standard,Credit Card,0,8,1,32.7,24,2,1,0
CUST-1521,46,$120.02,Two-Year,Standard,Bank Transfer,0,4,0,6.0,1,5,0,0
CUST-1129,65,79.44,One-Year,Basic,Electronic Check,0,9,3,2.3,3,2,0,1
CUST-1026,43,121.71,Two-Year,Premium,Bank Transfer,1,5,0,44.6,7,5,,0
CUST-1816,61,62.52,Two-Year,Basic,Bank Transfer,0,3,0,28.8,11,5,1,0
CUST-1420,38,104.21,One-Year,Premium,Credit Card,0,5,0,38.4,28,5,1,0
CUST-1048,71,89.02,Two-Year,Premium,Electronic Check,0,3,0,21.6,3,4,0,0
CUST-1082,19,28.54,One-Year,Premium,Electronic Check,0,4,0,29.2,19,1,0,0
CUST-1484,47,107.32,One-Year,Standard,Bank Transfer,0,4,0,37.5,16,5,1,0
CUST-1665,23,126.27,One-Year,Premium,Bank Transfer,0,0,0,29.3,20,1,0,1
CUST-1752,62,68.95,Two-Year,Premium,Bank Transfer,0,4,0,32.0,4,5,1,0
CUST-1187,25,125.98,One-Year,Premium,Mailed Check,0,3,0,43.9,15,4,0,0
CUST-1377,32,134.68,One-Year,Premium,Bank Transfer,1,3,3,37.3,26,1,1,1
CUST-1019,9,107.78,Month-to-Month,Standard,Credit Card,0,4,0,24.6,19,5,0,0
CUST-1902,70,49.96,Two-Year,Basic,Electronic Check,0,5,0,26.1,19,5,0,0
CUST-1272,23,109.94,Month-to-Month,Premium,Bank Transfer,0,7,1,26.6,19,2,0,1
CUST-1307,47,99.54,Two-Year,Standard,Bank Transfer,0,4,0,16.1,17,5,1,0
CUST-1265,29,147.13,One-Year,Standard,Credit Card,0,5,0,15.1,21,5,0,0
CUST-1387,48,122.04,One-Year,Basic,Mailed Check,0,3,0,7.9,10,5,0,0
CUST-1497,7,63.27,Month-to-Month,Standard,Electronic Check,0,5,0,24.7,23,1,0,1
CUST-1985,29,82.23,Month-to-Month,Basic,Bank Transfer,0,1,0,14.3,24,4,1,1
CUST-1407,65,29.99,Two-Year,Standard,Bank Transfer,0,2,0,2.5,3,5,1,0
CUST-1081,6,$114.54,One-Year,Premium,Electronic Check,4,0,0,44.2,13,4,1,1
CUST-1601,72,98.78,One-Year,Standard,Bank Transfer,0,1,0,9.2,0,5,1,0
CUST-1134,30,113.78,One-Year,Standard,Bank Transfer,0,5,0,34.0,4,4,1,0
CUST-1572,40,75.25,Two-Year,Premium,Bank Transfer,0,2,0,15.2,24,5,1,0
CUST-1138,51,126.39,One-Year,Standard,Credit Card,4,5,0,26.9,23,3,0,0
CUST-1118,15,23.37,Month-to-Month,Standard,Mailed Check,0,0,0,11.9,14,5,0,0
CUST-1831,70,$44.2,One-Year,Standard,Mailed Check,0,5,0,17.2,26,5,1,0
CUST-1525,55,73.74,Two-Year,Standard,Electronic Check,1,3,0,29.3,16,5,1,0
CUST-1374,42,109.92,Two-Year,Basic,Credit Card,0,5,0,15.8,16,5,0,0
CUST-1046,4,84.26,Month-to-Month,Basic,Mailed Check,0,2,0,35.5,22,,0,1
CUST-1218,26,137.32,One-Year,Basic,Credit Card,4,2,0,3.9,29,4,1,0
CUST-1452,55,114.72,Two-Year,Basic,Credit Card,0,2,0,35.0,10,5,1,0
CUST-1532,47,79.06,One-Year,Premium,Mailed Check,4,0,0,45.8,15,3,0,0
CUST-1644,32,128.12,Month-to-Month,Standard,Electronic Check,0,2,0,30.0,18,5,0,0
CUST-1980,2,58.76,Month-to-Month,Basic,Electronic Check,0,4,1,31.5,4,2,0,1
CUST-1659,72,121.32,Two-Year,Premium,Electronic Check,0,0,0,20.3,60,5,1,0
CUST-1599,58,145.8,One-Year,Standard,Mailed Check,0,2,0,8.4,14,5,1,0
CUST-1185,23,125.79,One-Year,Standard,Credit Card,3,2,0,6.4,11,4,1,0
CUST-1698,16,110.91,One-Year,Standard,Mailed Check,0,2,0,18.2,24,2,1,0
CUST-1483,36,105.63,Month-to-Month,Premium,Credit Card,0,3,0,14.1,28,5,0,0
CUST-1200,55,60.89,One-Year,Basic,Electronic Check,0,1,0,24.8,19,5,0,0
CUST-1454,29,23.49,Month-to-Month,Basic,Electronic Check,0,5,0,20.0,20,5,0,0
CUST-1366,68,138.24,Two-Year,Basic,Bank Transfer,0,4,0,29.3,5,5,1,0
CUST-1988,37,78.71,Two-Year,Premium,Mailed Check,1,0,0,40.2,27,5,0,0
CUST-1034,67,80.39,Two-Year,Basic,Credit Card,0,3,0,39.5,19,5,0,0
CUST-1410,7,41.79,Month-to-Month,Standard,Electronic Check,0,4,0,28.0,12,2,0,1
CUST-1869,13,90.51,Month-to-Month,Premium,Mailed Check,0,0,0,44.7,3,4,1,0
CUST-1125,4,30.56,One-Year,Premium,Electronic Check,0,4,0,36.3,15,5,1,0
CUST-1289,45,47.53,Two-Year,Premium,Bank Transfer,0,1,0,21.6,3,4,0,0
CUST-1931,44,141.92,Two-Year,Premium,Mailed Check,0,0,0,14.5,,5,1,0
CUST-1725,68,86.81,Two-Year,Standard,Mailed Check,2,4,0,10.3,11,5,1,0
CUST-1241,42,55.02,Two-Year,Premium,Credit Card,0,1,0,27.5,15,4,1,0
CUST-1757,61,85.11,Two-Year,Premium,Bank Transfer,0,3,0,26.3,2,5,1,0
CUST-1926,23,$128.65,Month-to-Month,Premium,Mailed Check,4,2,0,33.8,30,4,1,0
CUST-1450,12,146.86,Month-to-Month,Basic,Mailed Check,0,4,0,4.1,21,2,0,1
CUST-1687,59,53.53,Two-Year,Standard,Mailed Check,0,1,0,38.9,58,5,1,0
CUST-1903,26,56.19,One-Year,Standard,Mailed Check,0,3,0,19.8,4,4,1,0
CUST-1558,16,31.12,Month-to-Month,Basic,Mailed Check,2,5,0,4.4,25,3,0,1
CUST-1618,17,130.93,One-Year,Premium,Credit Card,0,4,0,44.2,13,3,0,0
CUST-1729,7,104.02,Month-to-Month,Basic,Credit Card,0,2,2,12.5,28,3,1,0
CUST-1809,15,25.08,One-Year,Standard,Bank Transfer,0,4,0,30.5,17,1,1,0
CUST-1161,29,116.36,Month-to-Month,Standard,Mailed Check,0,1,0,16.4,26,5,0,0
CUST-1112,59,24.81,One-Year,Basic,Bank Transfer,0,2,0,21.6,26,4,0,0
CUST-1107,61,110.49,One-Year,Premium,Mailed Check,0,0,0,12.7,6,5,0,0
CUST-1207,64,79.18,Two-Year,Basic,Mailed Check,0,1,0,11.7,3,4,0,0
CUST-1404,11,38.47,One-Year,Premium,Electronic Check,0,0,0,35.2,7,1,0,0
CUST-1677,18,117.25,One-Year,Standard,Mailed Check,0,2,0,26.5,0,2,1,0
CUST-1553,9,96.46,One-Year,Basic,Bank Transfer,0,4,0,35.5,23,2,0,1
CUST-1563,7,74.87,Month-to-Month,Basic,Bank Transfer,0,2,0,20.1,22,5,0,0
CUST-1358,19,77.26,Month-to-Month,Basic,Electronic Check,0,5,0,6.3,1,5,0,0
CUST-1455,4,35.52,Month-to-Month,Standard,Credit Card,0,2,0,23.5,27,4,0,0
CUST-1892,27,59.79,One-Year,Standard,Electronic Check,0,0,0,14.6,28,5,1,0
CUST-1361,50,105.85,Two-Year,Premium,Electronic Check,0,0,0,45.6,12,5,0,0
CUST-1743,54,31.5,One-Year,Premium,Electronic Check,0,4,0,16.8,17,4,0,0
CUST-1948,39,38.72,Two-Year,Standard,Bank Transfer,0,1,0,15.4,30,5,0,0
CUST-1542,40,143.78,Two-Year,Basic,Credit Card,0,2,0,29.1,9,4,1,0
CUST-1632,38,105.69,Two-Year,Basic,Mailed Check,0,4,0,39.9,19,5,1,0
CUST-1671,34,125.39,One-Year,Basic,Credit Card,0,1,0,7.6,4,4,1,0
CUST-1199,45,113.92,Two-Year,Premium,Bank Transfer,0,4,0,44.7,2,4,1,0
CUST-1703,67,126.6,Two-Year,Standard,Electronic Check,0,4,0,11.2,12,4,0,0
CUST-1837,1,99.37,Month-to-Month,Basic,Bank Transfer,4,6,1,26.9,13,3,0,1
CUST-1815,61,47.21,One-Year,Basic,Bank Transfer,2,4,0,20.1,0,4,1,0
CUST-1852,46,117.67,Two-Year,Premium,Electronic Check,0,2,0,37.2,21,5,1,0
CUST-1165,31,44.95,One-Year,Standard,Electronic Check,4,3,0,19.4,7,3,0,0
CUST-1176,42,68.89,Two-Year,Standard,Credit Card,0,1,0,22.7,21,5,1,0
CUST-1674,27,149.21,Month-to-Month,Standard,Mailed Check,3,0,0,15.7,27,3,0,0
CUST-1668,35,101.57,Month-to-Month,Basic,Credit Card,2,5,3,2.9,13,2,0,1
CUST-1224,44,113.2,Two-Year,Basic,Credit Card,0,5,0,31.4,27,4,1,0
CUST-1569,6,119.2,One-Year,Basic,Electronic Check,0,2,0,25.9,8,5,0,0
CUST-1345,33,26.38,Month-to-Month,Premium,Credit Card,0,9,1,43.6,14,2,0,1
CUST-1106,51,85.26,One-Year,Standard,Credit Card,0,0,0,5.8,22,4,1,0
CUST-1140,18,20.67,One-Year,Basic,Mailed Check,0,3,0,9.6,30,3,0,0
CUST-1392,69,30.21,Two-Year,Premium,Bank Transfer,0,5,0,29.3,21,5,1,0
CUST-1540,69,43.37,One-Year,Standard,Bank Transfer,0,5,0,24.0,2,5,1,0
CUST-1499,19,53.85,One-Year,Basic,Bank Transfer,0,2,0,37.2,9,3,0,0
CUST-1586,60,23.47,Two-Year,Premium,Mailed Check,0,5,0,19.4,34,5,0,0
CUST-1564,43,100.09,Two-Year,Standard,Bank Transfer,0,0,0,37.0,20,5,0,0
CUST-1617,49,105.01,Two-Year,Standard,Bank Transfer,0,0,0,6.2,10,5,0,0
CUST-1436,53,143.49,One-Year,Standard,Electronic Check,6,0,0,13.6,22,2,0,1
CUST-1685,44,57.81,Two-Year,Standard,Credit Card,0,5,0,9.9,19,5,0,0
CUST-1638,50,43.49,Two-Year,Premium,Mailed Check,0,1,0,38.1,22,4,1,0
CUST-1648,51,74.74,Two-Year,Basic,Bank Transfer,0,3,0,39.4,3,5,0,0
CUST-1227,5,43.67,Month-to-Month,Premium,Bank Transfer,0,0,0,17.3,23,3,1,0
CUST-1228,12,126.82,One-Year,Premium,Electronic Check,0,2,0,38.3,11,1,0,1
CUST-1365,20,75.44,One-Year,Premium,Electronic Check,0,1,0,17.3,17,2,0,0
CUST-1657,33,135.91,One-Year,Standard,Electronic Check,4,5,0,4.6,13,2,1,0
CUST-1042,21,145.41,Month-to-Month,Premium,Credit Card,0,4,0,48.4,12,2,0,0
CUST-1688,17,77.31,One-Year,Premium,Electronic Check,0,5,0,29.1,28,1,0,0
CUST-1052,11,149.21,Month-to-Month,Premium,Mailed Check,0,4,0,31.9,14,3,0,0
CUST-1880,28,43.94,One-Year,Basic,Mailed Check,0,1,0,28.8,8,4,1,0
CUST-1110,65,92.04,Two-Year,Standard,Credit Card,0,2,0,2.6,25,5,0,0
CUST-1803,51,45.26,Two-Year,Standard,Electronic Check,3,5,0,19.4,3,4,1,0
CUST-1666,2,98.43,Month-to-Month,Standard,Credit Card,0,2,3,5.2,4,1,1,1
CUST-1590,12,22.08,Month-to-Month,Basic,Electronic Check,0,5,0,10.4,28,2,1,0
CUST-1727,35,23.72,One-Year,Premium,Mailed Check,0,0,0,15.2,13,5,1,0
CUST-1514,69,44.82,Two-Year,Standard,Bank Transfer,2,0,0,30.1,14,4,0,0
CUST-1297,42,33.42,Two-Year,Premium,Electronic Check,0,2,0,33.7,12,5,0,0
CUST-1223,19,93.2,Month-to-Month,Standard,Electronic Check,2,0,0,24.9,0,,0,0
CUST-1158,25,26.7,One-Year,Premium,Credit Card,0,1,0,34.3,21,4,0,0
CUST-1595,30,22.76,Month-to-Month,Standard,Bank Transfer,0,1,0,4.3,11,4,0,0
CUST-2000,54,134.49,Two-Year,Premium,Credit Card,5,4,0,37.3,5,4,1,0
CUST-1002,65,98.26,Two-Year,Basic,Mailed Check,0,4,0,35.0,24,5,1,0
CUST-1055,15,90.79,One-Year,Basic,Electronic Check,3,0,0,24.6,26,4,1,0
CUST-1535,48,94.33,One-Year,Premium,Bank Transfer,0,2,0,23.5,35,5,1,0
CUST-1907,10,134.43,One-Year,Standard,Electronic Check,0,0,0,35.9,3,4,1,0
CUST-1750,50,21.43,Two-Year,Basic,Mailed Check,0,5,1,19.4,0,2,1,0
CUST-1745,16,116.26,One-Year,Premium,Credit Card,6,4,0,48.8,4,3,0,0
CUST-1884,50,22.45,One-Year,Standard,Mailed Check,0,1,0,31.2,17,5,0,0
CUST-1313,59,140.86,Two-Year,Basic,Electronic Check,1,4,0,21.1,10,5,0,0
CUST-1236,39,30.26,Two-Year,Basic,Bank Transfer,0,3,0,39.4,6,4,1,0
CUST-1753,52,28.78,One-Year,Premium,Bank Transfer,6,5,0,30.1,24,2,0,1
CUST-1114,64,67.76,Two-Year,Standard,Credit Card,0,0,0,39.8,5,4,1,0
CUST-1209,41,55.26,One-Year,Premium,Electronic Check,0,5,0,18.8,25,5,1,0
CUST-1765,51,82.23,One-Year,Premium,Credit Card,0,4,0,38.8,26,5,0,0
CUST-1127,45,146.8,One-Year,Standard,Credit Card,4,3,0,11.4,3,4,1,0
CUST-1049,24,44.9,One-Year,Standard,Electronic Check,0,4,0,39.3,26,2,1,0
CUST-1064,53,25.67,Two-Year,Standard,Mailed Check,0,5,0,26.8,4,4,1,0
CUST-1249,25,64.61,One-Year,Basic,Mailed Check,0,5,0,13.4,5,4,1,0
CUST-1415,60,105.86,One-Year,Premium,Mailed Check,0,2,0,38.3,21,5,1,0
CUST-1139,18,34.2,One-Year,Premium,Bank Transfer,0,5,0,20.6,7,4,1,0
CUST-1315,29,108.0,Month-to-Month,Standard,Mailed Check,0,4,0,28.6,8,5,0,0
CUST-1380,14,94.28,One-Year,Premium,Credit Card,0,5,0,42.0,22,5,0,0
CUST-1971,56,122.88,Two-Year,Basic,Bank Transfer,0,1,0,2.6,15,4,1,0
CUST-1047,53,83.52,One-Year,Premium,Mailed Check,0,3,0,12.7,9,5,0,0
CUST-1083,71,113.71,One-Year,Standard,Mailed Check,0,3,0,19.2,13,5,1,0
CUST-1009,69,117.61,Two-Year,Standard,Credit Card,0,1,0,38.2,28,4,1,0
CUST-1628,62,55.58,Two-Year,Basic,Bank Transfer,0,5,0,13.3,4,5,0,0
CUST-1867,24,109.66,One-Year,Basic,Bank Transfer,0,3,0,39.2,8,1,0,0
CUST-1105,67,130.65,Two-Year,Basic,Bank Transfer,4,4,0,5.5,29,3,0,0
CUST-1596,57,116.1,Two-Year,Basic,Electronic Check,0,0,0,39.1,20,4,0,0
CUST-1423,17,21.87,One-Year,Basic,Electronic Check,0,0,0,8.5,18,1,1,0
CUST-1936,59,$143.5,One-Year,Premium,Electronic Check,0,1,0,33.7,60,4,0,0
CUST-1088,49,74.58,Two-Year,Basic,Electronic Check,0,2,0,23.6,2,4,0,0
CUST-1511,54,133.98,Two-Year,Standard,Mailed Check,0,3,0,12.1,30,4,1,0
CUST-1391,57,26.59,One-Year,Standard,Credit Card,4,0,0,8.8,19,3,1,0
CUST-1163,68,24.4,One-Year,Premium,Credit Card,6,3,0,20.8,22,4,1,0
CUST-1300,53,22.92,One-Year,Basic,Bank Transfer,5,4,0,7.6,5,4,1,0
CUST-1516,66,96.84,Two-Year,Premium,Mailed Check,0,0,0,28.0,10,5,1,0
CUST-1723,68,51.27,Two-Year,Premium,Mailed Check,0,2,0,30.3,2,5,1,0
CUST-1078,8,71.76,Month-to-Month,Basic,Mailed Check,3,5,3,11.3,4,1,0,1
CUST-1940,33,144.19,One-Year,Premium,Mailed Check,0,2,0,33.7,3,4,0,0
CUST-1547,9,59.08,Month-to-Month,Premium,Credit Card,0,5,0,22.6,13,5,0,0
CUST-1182,22,140.89,One-Year,Basic,Bank Transfer,0,2,0,38.4,7,2,1,0
CUST-1283,42,69.58,One-Year,Standard,Electronic Check,5,2,0,33.2,11,4,1,0
CUST-1634,21,72.01,Month-to-Month,Standard,Mailed Check,0,1,0,4.7,23,2,0,0
CUST-1779,68,123.77,Two-Year,Standard,Mailed Check,0,1,0,13.1,7,4,1,0
CUST-1385,41,92.17,One-Year,Basic,Electronic Check,2,2,0,12.7,0,5,1,0
CUST-1293,18,135.87,Month-to-Month,Standard,Credit Card,0,0,0,26.0,26,4,1,1
CUST-1805,58,49.13,One-Year,Standard,Bank Transfer,0,3,0,26.4,10,4,1,0
CUST-1317,27,49.8,Month-to-Month,Premium,Electronic Check,1,0,0,37.7,21,5,0,0
CUST-1822,41,32.67,Two-Year,Standard,Bank Transfer,6,5,0,34.2,10,3,1,0
CUST-1237,56,46.25,Two-Year,Basic,Electronic Check,0,5,0,4.5,12,5,0,0
CUST-1247,14,82.63,One-Year,Standard,Electronic Check,0,2,0,38.2,20,2,1,0
CUST-1781,30,94.01,Month-to-Month,Premium,Bank Transfer,0,3,0,37.3,19,5,1,0
CUST-1292,56,55.97,Two-Year,Basic,Electronic Check,0,3,0,31.4,15,5,0,0
CUST-1631,12,93.12,Month-to-Month,Basic,Credit Card,0,2,0,8.5,30,2,0,1
CUST-1573,60,86.59,Two-Year,Standard,Mailed Check,0,3,0,20.9,8,5,1,0
CUST-1115,40,77.97,Two-Year,Standard,Bank Transfer,0,2,0,29.6,29,5,0,0
CUST-1859,6,67.24,One-Year,Premium,Mailed Check,3,0,0,40.8,18,3,1,0
CUST-1672,36,38.81,One-Year,Basic,Bank Transfer,0,2,0,18.1,22,5,1,0
CUST-1639,7,139.4,One-Year,Standard,Bank Transfer,0,3,0,9.0,11,5,1,0
CUST-1581,67,21.44,Two-Year,Standard,Mailed Check,4,0,0,20.2,,3,0,0
CUST-1434,28,96.91,One-Year,Standard,Credit Card,0,5,0,11.4,13,4,0,0
CUST-1957,44,148.42,Two-Year,Basic,Bank Transfer,0,2,0,36.8,3,5,1,0
CUST-1986,54,$91.5,One-Year,Basic,Credit Card,0,4,0,15.3,2,5,0,0
CUST-1856,31,42.78,One-Year,Basic,Electronic Check,0,0,0,9.9,14,5,0,0
CUST-1541,3,64.19,Month-to-Month,Standard,Credit Card,0,2,0,5.5,3,3,1,1
CUST-1637,23,88.44,One-Year,Premium,Mailed Check,0,2,0,44.9,17,1,0,1
CUST-1072,47,115.21,One-Year,Standard,Electronic Check,0,1,0,31.9,28,5,0,0
CUST-1919,57,73.89,Two-Year,Premium,Bank Transfer,0,4,0,35.8,28,5,1,0
CUST-1056,52,142.55,Two-Year,Premium,Mailed Check,4,4,0,39.9,19,3,0,0
CUST-1749,13,144.68,One-Year,Standard,Electronic Check,0,5,0,19.6,26,1,1,1
CUST-1126,62,51.83,Two-Year,Standard,Electronic Check,4,5,0,17.8,14,3,1,0
CUST-1947,62,139.53,One-Year,Standard,Electronic Check,0,2,0,8.6,30,4,1,0
CUST-1144,52,127.51,Two-Year,Standard,Credit Card,0,0,0,7.3,10,5,1,0
CUST-1123,16,87.35,One-Year,Basic,Bank Transfer,0,5,0,38.0,,1,1,0
CUST-1603,33,120.27,One-Year,Standard,Mailed Check,0,2,0,26.7,29,4,1,0
CUST-1975,3,78.12,Month-to-Month,Basic,Bank Transfer,0,5,0,35.1,10,4,0,0
CUST-1448,19,123.94,One-Year,Standard,Electronic Check,0,5,0,3.5,21,3,1,0
CUST-1488,69,132.7,Two-Year,Standard,Credit Card,0,3,0,36.9,9,5,1,0
CUST-1972,39,127.87,Two-Year,Standard,Bank Transfer,0,4,0,18.4,30,5,1,0
CUST-1662,2,127.11,Month-to-Month,Premium,Electronic Check,0,0,0,49.2,24,5,0,0
CUST-1438,35,110.75,One-Year,Premium,Bank Transfer,0,0,0,24.8,29,4,1,0
CUST-1053,8,99.25,One-Year,Basic,Bank Transfer,0,2,0,8.0,5,2,1,0
CUST-1834,19,46.05,Month-to-Month,Standard,Electronic Check,0,4,1,7.9,17,1,0,1
CUST-1818,47,131.2,Two-Year,Standard,Mailed Check,0,4,0,37.0,6,5,0,0
CUST-1431,13,$50.83,One-Year,Basic,Mailed Check,0,0,0,20.4,28,2,0,0
CUST-1626,20,101.51,One-Year,Basic,Credit Card,0,3,0,28.1,30,4,0,0
CUST-1284,25,61.64,Month-to-Month,Basic,Bank Transfer,0,4,0,25.8,6,5,1,0
CUST-1877,62,142.39,Two-Year,Standard,Credit Card,0,3,0,36.5,15,5,1,0
CUST-1507,48,86.64,Two-Year,Standard,Mailed Check,0,4,0,5.4,13,4,1,0
CUST-1561,54,82.58,Two-Year,Standard,Bank Transfer,3,0,0,24.2,16,3,1,0
CUST-1991,32,30.1,Month-to-Month,Basic,Credit Card,0,0,0,37.3,9,4,,0
CUST-1738,63,57.47,Two-Year,Basic,Mailed Check,0,1,3,2.2,11,1,1,1
CUST-1004,47,-50.0,Two-Year,Basic,Credit Card,0,2,0,34.5,27,5,0,0
CUST-1898,52,78.77,One-Year,Standard,Electronic Check,0,0,0,26.9,16,4,1,0
CUST-1807,20,24.75,One-Year,Premium,Mailed Check,0,2,0,40.7,25,4,1,0
CUST-1128,21,125.75,One-Year,Premium,Electronic Check,0,1,0,31.6,15,4,1,0
CUST-1887,27,69.45,One-Year,Standard,Mailed Check,0,3,0,6.7,5,5,1,0
CUST-1944,21,38.64,One-Year,Basic,Credit Card,0,3,0,2.7,23,3,1,0
CUST-1261,38,54.34,One-Year,Basic,Bank Transfer,0,2,0,27.7,13,4,1,0
CUST-1640,67,142.42,One-Year,Standard,Credit Card,0,3,0,34.1,20,4,1,0
CUST-1633,31,24.78,Month-to-Month,Standard,Bank Transfer,0,4,0,24.5,8,5,1,0
CUST-1551,36,108.47,One-Year,Standard,Bank Transfer,0,4,0,32.7,7,,1,0
CUST-1471,63,85.62,Two-Year,Standard,Credit Card,0,0,0,35.4,3,-2,1,0
CUST-1607,63,20.21,One-Year,Premium,Mailed Check,0,5,0,28.4,5,4,1,0
CUST-1496,59,31.15,Two-Year,Basic,Electronic Check,0,3,0,29.1,22,5,1,0
CUST-1402,54,131.82,Two-Year,Premium,Mailed Check,0,3,0,33.0,14,4,1,0
CUST-1883,56,126.31,Two-Year,Standard,Bank Transfer,0,0,0,23.9,14,4,1,0
CUST-1929,64,43.63,One-Year,Standard,Credit Card,0,1,0,23.8,28,5,1,0
CUST-1784,38,35.47,Two-Year,Premium,Credit Card,3,0,0,48.1,29,4,1,0
CUST-1804,29,145.7,One-Year,Standard,Mailed Check,0,5,0,11.3,0,5,0,0
CUST-1825,12,44.14,One-Year,Premium,Credit Card,0,0,0,26.2,2,2,1,0
CUST-1211,64,$149.71,One-Year,Premium,Bank Transfer,5,3,0,25.2,26,3,1,0
CUST-1842,4,90.56,Month-to-Month,Standard,Electronic Check,0,3,0,26.2,19,1,0,1
CUST-1299,36,47.5,Month-to-Month,Basic,Electronic Check,0,0,0,17.8,10,5,1,0
CUST-1956,49,$81.47,Two-Year,Basic,Credit Card,0,2,0,24.2,5,5,0,0
CUST-1178,62,95.69,Two-Year,Premium,Mailed Check,0,2,0,42.9,19,4,0,0
CUST-1533,72,87.46,Two-Year,Standard,Mailed Check,0,3,0,38.0,23,4,1,0
CUST-1474,17,128.8,One-Year,Premium,Credit Card,0,5,0,15.7,11,4,1,0
CUST-1210,37,120.56,Two-Year,Standard,Credit Card,0,0,0,13.1,25,4,1,0
CUST-1669,15,83.94,Month-to-Month,Basic,Credit Card,0,2,0,25.4,3,1,0,1
CUST-1918,6,51.97,Month-to-Month,Premium,Electronic Check,0,3,3,28.7,25,2,1,1
CUST-1556,55,144.51,One-Year,Basic,Bank Transfer,0,0,0,5.7,15,5,0,0
CUST-1744,52,107.11,Two-Year,Premium,Mailed Check,6,0,0,16.1,19,4,0,0
CUST-1195,17,93.6,One-Year,Standard,Credit Card,2,4,1,18.8,0,2,0,0
CUST-1951,71,135.69,Two-Year,Standard,Mailed Check,2,3,0,16.7,21,4,0,0
CUST-1791,10,62.53,One-Year,Standard,Electronic Check,0,5,0,31.5,22,1,1,0
CUST-1979,25,144.5,One-Year,Premium,Credit Card,0,0,0,19.4,25,5,1,0
CUST-1435,54,147.42,One-Year,Standard,Credit Card,0,3,0,32.3,26,4,1,0
CUST-1271,16,120.38,One-Year,Standard,Bank Transfer,0,0,0,3.8,29,5,1,0
CUST-1769,24,105.79,One-Year,Basic,Electronic Check,0,3,1,36.5,25,1,1,0
CUST-1422,6,72.72,Month-to-Month,Premium,Mailed Check,5,4,0,20.9,35,2,0,1
CUST-1531,69,129.78,One-Year,Standard,Electronic Check,0,5,0,7.3,12,4,1,0
CUST-1344,42,34.36,Two-Year,Premium,Credit Card,0,2,1,30.4,51,3,1,0
CUST-1197,12,111.48,Month-to-Month,Basic,Mailed Check,6,8,1,15.1,3,2,1,1
CUST-1966,24,$130.32,Month-to-Month,Basic,Mailed Check,0,4,0,17.7,20,4,0,0
CUST-1357,12,34.63,Month-to-Month,Standard,Electronic Check,0,2,0,26.9,24,3,0,0
CUST-1955,53,40.58,Two-Year,Premium,Mailed Check,0,2,0,46.3,3,5,1,0
CUST-1782,19,94.88,One-Year,Basic,Bank Transfer,0,0,0,17.9,24,4,0,0
CUST-1246,33,48.37,One-Year,Premium,Mailed Check,0,0,0,37.2,26,5,1,0
CUST-1332,1,91.27,Month-to-Month,Standard,Mailed Check,0,1,0,26.5,26,3,0,0
CUST-1321,-1,$94.28,One-Year,Premium,Bank Transfer,0,5,0,21.0,13,2,1,0
CUST-1234,50,44.03,Two-Year,Standard,Bank Transfer,0,2,0,12.0,26,4,0,0
CUST-1690,60,103.52,Two-Year,Basic,Credit Card,0,0,0,37.1,24,5,1,0
CUST-1296,6,48.45,Month-to-Month,Basic,Credit Card,2,1,0,21.7,25,4,0,1
CUST-1278,26,100.67,One-Year,Basic,Electronic Check,0,4,0,9.5,23,5,1,0
CUST-1275,54,107.65,Two-Year,Standard,Mailed Check,4,4,0,7.5,21,3,0,0
CUST-1258,2,59.15,One-Year,Basic,Electronic Check,1,5,0,21.4,19,1,0,1
CUST-1065,13,133.64,One-Year,Basic,Mailed Check,0,2,3,38.8,10,1,0,1
CUST-1833,68,45.8,Two-Year,Basic,Bank Transfer,0,0,0,13.8,24,5,1,0
CUST-1546,60,144.94,Two-Year,Standard,Bank Transfer,0,6,1,33.9,12,2,1,0
CUST-1351,20,32.26,One-Year,Standard,Bank Transfer,0,2,0,11.5,8,1,1,0
CUST-1502,16,65.45,Month-to-Month,Standard,Bank Transfer,0,5,0,12.4,28,2,0,0
CUST-1094,45,65.64,Two-Year,Basic,Bank Transfer,0,2,0,24.9,24,4,0,0
CUST-1874,35,49.73,One-Year,Standard,Electronic Check,0,2,0,15.4,23,5,1,0
CUST-1871,36,108.12,One-Year,Standard,Mailed Check,0,1,0,14.1,16,4,1,0
CUST-1710,45,82.91,Two-Year,Premium,Credit Card,0,5,0,16.6,31,5,0,0
CUST-1588,51,41.9,Two-Year,Basic,Electronic Check,0,2,0,29.1,28,5,0,0
CUST-1652,19,75.42,One-Year,Basic,Credit Card,0,3,0,13.6,20,2,1,0
CUST-1658,17,57.66,One-Year,Basic,Bank Transfer,0,3,0,22.2,16,2,1,0
CUST-1732,2,97.22,Month-to-Month,Premium,Credit Card,0,1,0,13.7,0,3,0,1
CUST-1924,69,110.64,Two-Year,Standard,Bank Transfer,0,4,0,7.5,17,5,0,0
CUST-1396,31,42.5,One-Year,Basic,Mailed Check,0,4,0,23.1,26,5,1,0
CUST-1891,48,100.28,One-Year,Standard,Bank Transfer,0,4,0,30.2,25,4,0,0
CUST-1524,37,85.65,One-Year,Standard,Electronic Check,0,3,0,27.3,4,5,0,0
CUST-1482,33,109.29,Month-to-Month,Standard,Bank Transfer,0,6,1,39.7,13,2,1,1
CUST-1316,23,81.95,One-Year,Basic,Electronic Check,0,5,0,36.6,15,2,0,0
CUST-1335,44,74.63,Two-Year,Standard,Mailed Check,0,0,0,34.1,30,5,1,0
CUST-1788,57,49.07,One-Year,Standard,Electronic Check,0,0,0,27.3,4,5,0,0
CUST-1841,59,76.54,Two-Year,Standard,Credit Card,0,3,0,3.9,19,5,1,0
CUST-1777,20,138.54,Month-to-Month,Basic,Bank Transfer,0,4,0,30.2,25,3,0,0
CUST-1350,51,20.03,One-Year,Standard,Credit Card,2,2,0,10.2,57,5,1,0
CUST-1476,66,137.18,Two-Year,Basic,Mailed Check,0,2,0,16.8,18,4,0,0
CUST-1288,48,144.46,One-Year,Premium,Bank Transfer,0,0,0,27.0,17,4,0,0
CUST-1997,48,114.41,Two-Year,Basic,Electronic Check,0,2,0,24.0,11,5,1,0
CUST-1285,56,104.05,One-Year,Premium,Bank Transfer,2,1,1,42.2,17,2,1,0
CUST-1379,9,118.6,One-Year,Basic,Electronic Check,0,0,0,12.4,16,2,0,0
CUST-1797,38,54.83,One-Year,Standard,Credit Card,0,2,0,14.1,12,5,1,0
CUST-1691,63,47.64,Two-Year,Standard,Credit Card,0,0,0,38.0,,5,1,0
CUST-1087,4,43.45,One-Year,Standard,Electronic Check,0,1,0,23.5,12,1,1,0
CUST-1576,27,81.68,One-Year,Premium,Mailed Check,0,3,0,15.3,27,4,1,0
CUST-1068,49,100.56,One-Year,Standard,Bank Transfer,0,5,0,11.7,0,5,0,0
CUST-1428,25,35.28,One-Year,Basic,Electronic Check,0,4,0,19.6,20,4,1,0
CUST-1912,6,65.15,Month-to-Month,Standard,Credit Card,0,5,0,18.4,49,2,0,1
CUST-1615,12,33.71,One-Year,Basic,Bank Transfer,0,2,0,31.1,7,4,0,0
CUST-1444,17,136.78,One-Year,Basic,Electronic Check,0,2,0,31.3,1,3,1,0
CUST-1077,63,100.03,Two-Year,Basic,Electronic Check,0,3,0,34.5,3,5,0,0
CUST-1510,13,80.41,One-Year,Premium,Electronic Check,5,4,0,12.6,23,3,0,1
CUST-1295,65,21.38,One-Year,Premium,Bank Transfer,0,1,0,18.8,30,5,0,0
CUST-1534,59,36.82,Two-Year,Premium,Credit Card,0,3,0,40.4,30,5,0,0
CUST-1614,64,123.59,Two-Year,Premium,Mailed Check,0,3,0,30.3,17,4,0,0
CUST-1873,27,94.23,Month-to-Month,Standard,Bank Transfer,0,3,0,34.4,19,5,0,0
CUST-1162,63,145.65,Two-Year,Premium,Mailed Check,0,5,0,18.4,23,5,0,0
CUST-1775,34,146.79,Month-to-Month,Premium,Electronic Check,0,0,0,25.3,2,5,1,0
CUST-1737,59,93.67,Two-Year,Standard,Credit Card,0,3,0,7.6,21,5,1,0
CUST-1522,14,121.61,One-Year,Basic,Credit Card,0,1,0,35.1,29,3,0,0
CUST-1921,17,32.56,One-Year,Premium,Mailed Check,0,0,0,35.0,23,5,0,0
CUST-1858,10,121.8,Month-to-Month,Premium,Credit Card,0,4,0,32.3,0,1,0,0
CUST-1689,32,110.97,One-Year,Basic,Bank Transfer,0,2,0,23.7,27,5,0,0
CUST-1675,54,51.52,One-Year,Basic,Bank Transfer,0,5,0,16.3,0,5,1,0
CUST-1621,38,111.54,Two-Year,Basic,Electronic Check,0,5,0,29.8,25,4,0,0
CUST-1461,15,30.11,One-Year,Standard,Credit Card,0,0,0,21.5,1,3,1,0
CUST-1724,32,105.73,One-Year,Basic,Credit Card,1,3,0,27.5,14,5,1,0
CUST-1839,50,109.22,One-Year,Standard,Mailed Check,0,0,0,11.8,20,5,1,0
CUST-1198,14,33.42,One-Year,Standard,Bank Transfer,0,1,0,27.7,2,1,0,1
CUST-1853,52,84.33,Two-Year,Standard,Mailed Check,0,1,0,2.1,26,5,1,0
CUST-1013,32,49.21,One-Year,Basic,Bank Transfer,6,0,0,4.2,2,2,1,0
CUST-1329,42,132.35,Two-Year,Premium,Electronic Check,0,1,0,38.5,5,5,0,0
CUST-1044,54,126.9,One-Year,Standard,Electronic Check,0,3,0,18.5,23,5,0,0
CUST-1443,30,128.54,One-Year,Premium,Electronic Check,0,2,0,41.9,15,5,1,0
CUST-1865,36,99.12,One-Year,Basic,Bank Transfer,0,3,0,26.3,0,4,0,0
CUST-1417,56,48.39,Two-Year,Basic,Mailed Check,1,0,0,23.7,8,5,1,0
CUST-1269,61,113.17,Two-Year,Premium,Mailed Check,0,5,0,25.0,26,5,1,0
CUST-1231,62,111.59,Two-Year,Premium,Bank Transfer,0,3,0,15.8,6,5,1,0
CUST-1371,5,87.68,Month-to-Month,Standard,Credit Card,0,1,0,17.0,43,5,0,0
CUST-1641,37,92.04,Two-Year,Basic,Mailed Check,4,5,0,21.6,21,4,1,0
CUST-1978,61,52.06,Two-Year,Basic,Electronic Check,0,4,0,7.6,8,5,0,0
CUST-1642,1,112.84,One-Year,Premium,Electronic Check,0,5,0,47.0,28,5,1,0
CUST-1253,58,55.56,One-Year,Premium,Bank Transfer,4,0,0,36.1,12,4,1,0
CUST-1808,42,79.98,Two-Year,Premium,Credit Card,0,3,0,26.3,47,4,1,0
CUST-1580,5,127.44,One-Year,Standard,Credit Card,0,0,0,16.7,6,5,1,0
CUST-1075,72,62.64,Two-Year,Basic,Credit Card,0,3,0,13.5,13,4,1,0
CUST-1526,22,76.43,One-Year,Basic,Bank Transfer,0,0,0,39.2,25,5,0,0
CUST-1896,60,106.89,Two-Year,Premium,Electronic Check,0,1,0,26.2,4,5,0,0
CUST-1070,38,149.05,Two-Year,Basic,Mailed Check,0,4,0,31.6,1,5,0,0
CUST-1149,17,86.72,One-Year,Premium,Credit Card,0,5,0,39.5,12,1,0,0
CUST-1720,59,84.13,Two-Year,Basic,Electronic Check,1,0,0,33.4,4,5,0,0
CUST-1131,13,71.21,One-Year,Premium,Electronic Check,0,1,0,27.3,35,3,0,0
CUST-1684,12,143.87,Month-to-Month,Basic,Bank Transfer,0,1,0,21.1,23,5,0,0
CUST-1150,6,75.08,One-Year,Basic,Credit Card,0,0,0,19.9,9,2,0,0
CUST-1073,33,138.83,One-Year,Standard,Electronic Check,0,3,0,7.3,30,5,1,0
CUST-1959,31,111.07,One-Year,Standard,Mailed Check,0,2,0,30.9,14,5,1,0
CUST-1643,22,107.69,One-Year,Basic,Bank Transfer,0,1,0,38.2,13,2,1,0
CUST-1649,42,117.64,Two-Year,Premium,Mailed Check,0,0,0,16.8,11,4,0,0
CUST-1567,34,138.38,Month-to-Month,Premium,Bank Transfer,0,0,0,20.0,14,5,0,0
CUST-1843,69,32.29,Two-Year,Basic,Mailed Check,0,2,0,19.4,19,5,1,0
CUST-1177,57,123.7,Two-Year,Basic,Mailed Check,0,1,0,11.2,21,5,1,0
CUST-1102,5,106.05,One-Year,Basic,Mailed Check,0,1,0,31.3,25,4,1,0
CUST-1220,26,103.54,One-Year,Basic,Credit Card,0,5,0,22.7,15,5,1,0
CUST-1491,24,101.92,One-Year,Basic,Credit Card,0,5,0,23.9,3,5,0,0
CUST-1739,37,122.08,Two-Year,Premium,Bank Transfer,0,5,0,49.8,6,5,1,0
CUST-1758,30,26.69,One-Year,Standard,Credit Card,0,2,0,11.6,22,5,1,0
CUST-1680,41,104.85,Two-Year,Standard,Bank Transfer,0,2,0,9.4,3,5,0,0
CUST-1194,12,115.02,Month-to-Month,Premium,Electronic Check,0,4,0,48.8,26,3,1,0
CUST-1219,23,66.01,Month-to-Month,Standard,Electronic Check,5,1,0,25.4,20,4,1,1
CUST-1492,17,130.1,One-Year,Standard,Electronic Check,2,5,0,28.1,26,3,1,0
CUST-1755,49,37.32,Two-Year,Premium,Bank Transfer,0,3,0,22.9,6,5,0,0
CUST-1914,34,119.92,Month-to-Month,Basic,Electronic Check,0,2,0,8.5,15,5,0,0
CUST-1754,50,118.26,Two-Year,Basic,Credit Card,6,0,0,4.8,24,3,1,0
CUST-1962,15,22.99,Month-to-Month,Basic,Bank Transfer,0,3,1,34.8,0,1,0,0
CUST-1010,39,129.42,Two-Year,Premium,Bank Transfer,0,1,0,41.6,16,5,1,0
CUST-1544,53,28.51,One-Year,Standard,Bank Transfer,0,0,0,38.6,21,5,0,0
CUST-1836,55,97.6,Two-Year,Basic,Electronic Check,0,5,0,3.0,28,5,1,0
CUST-1273,18,37.96,One-Year,Premium,Electronic Check,0,4,0,39.1,29,2,1,0
CUST-1682,6,93.29,Month-to-Month,Basic,Credit Card,3,2,0,30.6,30,3,0,0
CUST-1890,50,133.87,One-Year,Standard,Electronic Check,2,2,1,7.3,15,2,0,0
CUST-1116,8,29.76,One-Year,Standard,Electronic Check,0,5,0,38.2,4,4,1,0
CUST-1013,32,49.21,One-Year,Basic,Bank Transfer,6,0,0,4.2,2,2,1,0
CUST-1523,64,115.23,One-Year,Basic,Electronic Check,2,1,0,18.7,13,4,0,0
CUST-1062,66,117.02,One-Year,Basic,Electronic Check,0,3,0,31.9,8,5,1,0
CUST-1381,46,140.52,Two-Year,Premium,Mailed Check,0,5,0,42.7,28,4,1,0
CUST-1012,71,41.47,Two-Year,Premium,Mailed Check,0,4,0,38.2,22,5,0,0
CUST-1401,47,129.2,One-Year,Standard,Bank Transfer,0,0,0,7.5,28,4,1,0
CUST-1766,71,58.05,Two-Year,Basic,Electronic Check,0,4,0,4.1,28,5,1,0
CUST-1137,36,92.55,Month-to-Month,Standard,Electronic Check,0,5,0,14.0,11,5,0,0
CUST-1932,46,27.62,Two-Year,Premium,Credit Card,0,0,0,24.2,16,5,1,0
CUST-1151,54,68.68,Two-Year,Standard,Mailed Check,0,5,0,35.2,4,,1,0
CUST-1208,2,51.79,Month-to-Month,Standard,Mailed Check,0,1,0,34.6,17,4,1,0
CUST-1238,2,122.25,One-Year,Premium,Mailed Check,5,1,0,34.1,30,2,0,0
CUST-1827,38,53.72,Two-Year,Standard,Credit Card,0,4,0,31.4,16,4,0,0
CUST-1574,46,137.19,Two-Year,Premium,Credit Card,1,1,0,25.7,17,5,1,0
CUST-1794,27,112.3,Month-to-Month,Standard,Electronic Check,0,5,0,26.2,15,5,0,0
CUST-1424,29,28.2,Month-to-Month,Standard,Electronic Check,0,5,0,14.3,21,5,0,0
CUST-1597,32,46.76,Month-to-Month,Premium,Bank Transfer,0,5,0,35.1,12,5,1,0
CUST-1190,12,77.08,Month-to-Month,Basic,Bank Transfer,0,4,0,34.7,19,2,0,0
CUST-1999,6,64.65,One-Year,Basic,Electronic Check,0,5,0,32.4,4,2,0,0
CUST-1764,69,93.85,One-Year,Premium,Bank Transfer,4,0,0,18.9,1,3,0,0
CUST-1923,46,28.5,Two-Year,Standard,Electronic Check,5,5,0,20.7,22,4,1,0
CUST-1761,5,64.96,Month-to-Month,Standard,Credit Card,0,3,0,12.3,1,4,0,0
CUST-1767,18,129.39,One-Year,Basic,Electronic Check,6,1,0,33.0,38,4,0,1
CUST-1568,56,134.19,One-Year,Basic,Bank Transfer,0,1,0,9.3,12,5,1,0
CUST-1560,59,87.24,Two-Year,Basic,Credit Card,0,4,0,24.5,26,4,0,0
CUST-1676,10,81.99,One-Year,Basic,Credit Card,1,1,0,2.5,26,2,0,0
CUST-1457,66,45.2,Two-Year,Basic,Credit Card,0,1,0,35.2,26,5,0,0
CUST-1202,47,141.41,One-Year,Standard,Mailed Check,0,5,0,19.9,24,4,1,0
CUST-1760,34,46.07,Month-to-Month,Basic,Bank Transfer,0,5,0,30.8,29,5,0,0
CUST-1192,53,139.44,Two-Year,Premium,Bank Transfer,0,1,0,39.0,26,5,1,0
CUST-1585,28,138.14,One-Year,Premium,Credit Card,0,0,0,31.2,24,4,1,0
CUST-1889,59,22.1,Two-Year,Standard,Mailed Check,0,0,0,37.9,26,4,0,0
CUST-1166,5,32.16,Month-to-Month,Standard,Mailed Check,0,4,1,26.5,10,1,0,1
CUST-1786,36,142.82,Month-to-Month,Basic,Electronic Check,0,0,0,36.1,18,5,0,0
CUST-1950,53,68.73,Two-Year,Basic,Mailed Check,0,0,0,19.2,28,5,1,0
CUST-1141,12,$104.8,Month-to-Month,Premium,Credit Card,0,1,0,43.8,29,4,1,0
CUST-1250,34,114.27,One-Year,Basic,Electronic Check,0,1,0,30.3,9,5,1,0
CUST-1520,3,66.64,Month-to-Month,Standard,Bank Transfer,1,4,0,14.8,3,1,0,0
CUST-1411,58,69.66,Two-Year,Premium,Credit Card,0,4,0,48.3,13,5,1,0
CUST-1888,27,35.65,One-Year,Premium,Electronic Check,0,2,0,20.0,2,5,1,0
CUST-1969,62,68.16,Two-Year,Standard,Electronic Check,0,5,0,24.3,1,5,0,0
CUST-1681,31,56.69,One-Year,Basic,Credit Card,0,-1,0,13.7,17,4,1,0
CUST-1270,6,136.59,Month-to-Month,Basic,Mailed Check,0,2,1,16.9,14,2,0,0
CUST-1090,63,88.5,Two-Year,Basic,Bank Transfer,2,4,0,13.5,6,5,1,0
CUST-1067,13,77.68,One-Year,Standard,Credit Card,0,5,1,7.5,16,2,1,0
CUST-1943,8,70.87,Month-to-Month,Standard,Credit Card,0,5,0,27.0,45,1,0,1
CUST-1901,66,45.33,Two-Year,Basic,Credit Card,0,5,0,24.8,4,5,1,0
CUST-1719,6,63.86,Month-to-Month,Basic,Mailed Check,0,8,1,30.6,12,3,0,0
CUST-1571,68,110.29,Two-Year,Standard,Mailed Check,0,3,0,32.0,38,5,0,0
CUST-1447,19,143.21,One-Year,Basic,Credit Card,0,4,0,14.6,22,3,0,0
CUST-1286,52,76.29,One-Year,Standard,Credit Card,0,5,0,4.4,23,5,0,0
CUST-1035,55,127.97,Two-Year,Standard,Bank Transfer,0,3,0,30.6,26,5,0,0
CUST-1486,8,83.75,Month-to-Month,Premium,Credit Card,0,3,0,21.4,8,2,0,0
CUST-1429,61,84.68,One-Year,Premium,Credit Card,0,2,0,28.5,10,4,1,0
CUST-1989,28,135.26,One-Year,Standard,Mailed Check,0,5,0,35.8,26,4,1,0
CUST-1886,30,105.56,Month-to-Month,Standard,Bank Transfer,0,2,0,37.0,24,5,0,1
CUST-1922,35,94.65,Month-to-Month,Standard,Mailed Check,2,3,0,2.8,14,5,0,0
CUST-1378,23,40.97,One-Year,Premium,Bank Transfer,0,5,0,47.4,2,3,1,0
CUST-1982,4,101.76,One-Year,Standard,Mailed Check,0,4,0,3.3,9,5,1,0
CUST-1538,30,137.03,One-Year,Premium,Credit Card,0,3,0,36.5,27,5,0,0
CUST-1726,25,28.92,One-Year,Basic,Electronic Check,0,4,0,7.6,28,4,1,0
CUST-1022,14,142.06,Month-to-Month,Standard,Credit Card,0,5,0,12.3,19,3,0,1
CUST-1441,58,100.72,Two-Year,Premium,Credit Card,4,3,0,46.1,9,2,1,0
CUST-1716,60,93.77,Two-Year,Basic,Credit Card,0,4,0,10.3,17,,1,0
CUST-1376,17,144.86,Month-to-Month,Premium,Electronic Check,0,4,1,30.8,6,3,1,0
CUST-1509,62,59.05,One-Year,Premium,Electronic Check,0,4,0,33.6,17,5,1,0
CUST-1449,29,77.98,Month-to-Month,Standard,Credit Card,0,1,0,10.4,29,4,0,0
CUST-1954,9,67.18,Month-to-Month,Premium,Mailed Check,0,5,0,23.5,25,2,1,0
CUST-1577,4,68.71,One-Year,Basic,Electronic Check,0,0,0,27.0,11,4,1,0
CUST-1620,59,39.17,Two-Year,Basic,Credit Card,0,2,0,28.2,8,5,0,0
CUST-1759,67,141.14,Two-Year,Standard,Mailed Check,0,4,0,6.2,15,5,1,0
CUST-1136,42,149.76,Two-Year,Premium,Mailed Check,0,1,0,32.3,17,5,1,0
CUST-1143,15,62.99,One-Year,Standard,Electronic Check,0,0,0,32.0,18,2,1,0
CUST-1169,45,26.98,Two-Year,Basic,Credit Card,0,4,0,17.1,24,5,1,0
CUST-1104,57,80.02,Two-Year,Standard,Mailed Check,0,1,0,7.3,8,5,1,0
CUST-1119,16,37.64,Month-to-Month,Standard,Bank Transfer,0,3,0,32.8,30,3,0,0
CUST-1910,63,51.56,Two-Year,Basic,Mailed Check,0,0,0,33.4,15,5,0,0
CUST-1881,51,124.79,One-Year,Premium,Credit Card,0,4,0,33.5,1,5,1,0
CUST-1731,22,60.96,Month-to-Month,Basic,Bank Transfer,1,3,0,27.3,13,2,0,1
CUST-1235,11,106.86,One-Year,Standard,Bank Transfer,0,3,0,17.9,17,4,1,0
CUST-1506,50,121.33,Two-Year,Premium,Bank Transfer,0,3,0,40.0,29,4,1,0
CUST-1598,25,26.77,Month-to-Month,Basic,Bank Transfer,0,3,1,18.2,14,2,0,1
CUST-1700,3,100.11,Month-to-Month,Basic,Mailed Check,0,4,0,5.8,14,1,0,1
CUST-1349,48,73.6,Two-Year,Standard,Electronic Check,0,4,0,16.3,17,5,0,0
CUST-1229,57,115.24,One-Year,Standard,Mailed Check,0,2,0,5.9,15,5,0,0
CUST-1188,5,55.73,One-Year,Standard,Bank Transfer,0,4,0,31.1,17,5,1,0
CUST-1310,50,140.99,Two-Year,Premium,Electronic Check,2,4,0,36.3,58,5,1,0
CUST-1045,62,80.43,Two-Year,Premium,Electronic Check,0,1,0,15.3,28,5,0,0
CUST-1386,50,44.36,One-Year,Standard,Electronic Check,0,2,0,20.9,7,4,1,0
CUST-1792,67,61.28,Two-Year,Premium,Credit Card,2,5,0,34.3,27,5,1,0
CUST-1181,59,121.96,Two-Year,Standard,Electronic Check,0,3,0,19.2,2,4,0,0
CUST-1998,64,107.84,Two-Year,Standard,Mailed Check,0,2,0,14.6,11,5,0,0
CUST-1763,55,91.44,One-Year,Standard,Credit Card,0,2,0,15.0,29,4,1,0
CUST-1946,61,$141.84,Two-Year,Standard,Electronic Check,0,3,0,30.4,21,,0,0
CUST-1397,49,62.56,Two-Year,Premium,Credit Card,0,1,0,46.3,20,5,1,0
CUST-1006,8,49.78,Month-to-Month,Standard,Mailed Check,0,1,0,23.6,22,,0,0
CUST-1256,52,22.49,One-Year,Premium,Bank Transfer,0,0,0,18.4,11,5,0,0
CUST-1498,51,107.26,One-Year,Premium,Credit Card,0,2,0,30.7,10,4,1,0
CUST-1494,34,39.4,One-Year,Basic,Credit Card,6,7,1,9.7,30,2,0,1
CUST-1204,11,86.47,Month-to-Month,Basic,Electronic Check,0,5,0,26.7,20,4,0,1
CUST-1079,30,62.71,Month-to-Month,Premium,Credit Card,0,1,0,32.5,25,4,0,0
CUST-1159,2,47.54,Month-to-Month,Premium,Credit Card,0,3,0,38.4,22,2,0,1
CUST-1704,17,142.12,One-Year,Premium,Bank Transfer,0,2,0,28.6,3,2,1,0
CUST-1113,46,132.08,One-Year,Premium,Electronic Check,0,2,0,27.2,14,5,0,0
CUST-1437,18,133.65,One-Year,Basic,Electronic Check,0,5,0,34.7,2,3,1,0
CUST-1340,69,122.89,One-Year,Standard,Bank Transfer,0,4,0,30.8,25,4,0,0
CUST-1616,18,139.96,One-Year,Premium,Mailed Check,0,5,0,20.5,18,5,1,0
CUST-1298,67,52.71,One-Year,Premium,Mailed Check,0,2,0,30.3,59,5,1,0
CUST-1041,3,100.77,Month-to-Month,Basic,Mailed Check,0,4,0,19.7,8,2,0,0
CUST-1167,61,55.24,One-Year,Premium,Electronic Check,0,4,0,18.8,27,5,1,0
CUST-1301,3,134.21,One-Year,Premium,Electronic Check,0,1,0,49.7,27,2,0,0
CUST-1864,65,60.86,Two-Year,Standard,Mailed Check,0,4,0,20.4,33,4,1,0
CUST-1179,46,41.62,Two-Year,Basic,Mailed Check,0,2,0,18.4,0,5,0,0
CUST-1895,29,86.92,Month-to-Month,Basic,Credit Card,0,5,0,35.7,3,4,0,0
CUST-1530,34,101.51,One-Year,Basic,Credit Card,0,0,0,23.8,0,5,0,0
CUST-1934,64,149.0,Two-Year,Premium,Credit Card,0,0,0,15.4,28,5,1,0
CUST-1121,60,124.48,Two-Year,Basic,Credit Card,0,3,0,29.3,16,5,1,0
CUST-1600,62,22.58,Two-Year,Standard,Credit Card,0,2,0,7.8,23,5,1,0
CUST-1942,19,77.46,Month-to-Month,Premium,Bank Transfer,0,5,0,33.6,30,3,0,1
CUST-1050,69,36.46,One-Year,Basic,Electronic Check,0,1,0,30.6,3,5,1,0
CUST-1908,63,118.6,One-Year,Premium,Credit Card,0,5,0,34.8,11,5,0,0
CUST-1670,68,63.53,One-Year,Premium,Mailed Check,0,5,0,35.7,9,5,0,0
CUST-1549,1,137.19,One-Year,Basic,Mailed Check,0,5,0,31.0,17,1,1,0
CUST-1821,61,117.49,Two-Year,Premium,Credit Card,0,3,3,17.0,13,1,1,0
CUST-1930,4,100.87,One-Year,Basic,Electronic Check,0,0,0,8.9,16,1,1,0
CUST-1579,49,46.55,Two-Year,Basic,Mailed Check,0,0,0,38.6,20,4,1,0
CUST-1714,46,68.61,Two-Year,Basic,Mailed Check,0,0,0,11.6,13,5,1,0
CUST-1282,28,143.54,One-Year,Premium,Mailed Check,6,5,0,25.1,7,3,0,0
CUST-1475,32,50.5,One-Year,Premium,Credit Card,0,0,0,16.3,41,5,0,0
CUST-1186,50,75.0,Two-Year,Premium,Bank Transfer,0,3,0,19.1,26,5,0,0
CUST-1515,26,58.33,One-Year,Basic,Electronic Check,0,9,1,34.2,23,2,1,0
CUST-1071,46,48.47,One-Year,Premium,Electronic Check,0,5,0,37.9,4,5,0,0
CUST-1456,3,129.89,Month-to-Month,Premium,Credit Card,0,7,1,14.0,11,1,0,0
CUST-1519,27,56.72,One-Year,Basic,Mailed Check,0,1,0,20.7,25,5,1,0
CUST-1029,6,112.14,Month-to-Month,Premium,Bank Transfer,0,0,0,47.0,19,1,0,1
CUST-1800,21,128.96,One-Year,Premium,Bank Transfer,0,1,0,24.6,6,2,0,1
CUST-1692,49,28.11,Two-Year,Standard,Mailed Check,0,1,0,38.2,21,5,1,0
CUST-1920,47,124.45,Two-Year,Standard,Electronic Check,0,1,0,15.6,30,5,1,0
CUST-1132,20,98.81,One-Year,Basic,Electronic Check,0,2,0,39.6,23,5,1,0
CUST-1701,59,91.71,One-Year,Basic,Mailed Check,0,2,0,36.7,13,4,0,0
CUST-1935,7,89.46,Month-to-Month,Standard,Mailed Check,6,4,0,35.2,23,3,1,1
CUST-1098,6,52.21,Month-to-Month,Standard,Bank Transfer,0,2,0,31.4,21,3,1,0
CUST-1421,25,38.19,Month-to-Month,Basic,Bank Transfer,0,0,0,26.4,15,4,1,0
CUST-1629,24,72.69,One-Year,Basic,Mailed Check,0,4,0,22.1,2,5,1,0
CUST-1222,29,94.84,One-Year,Standard,Bank Transfer,0,4,0,30.0,11,5,0,0
CUST-1463,65,121.5,Two-Year,Basic,Credit Card,0,4,0,22.1,22,4,0,0
CUST-1721,12,44.85,Month-to-Month,Premium,Credit Card,0,0,0,41.8,40,1,0,0
CUST-1796,55,35.06,Two-Year,Standard,Credit Card,0,3,0,31.4,15,5,1,0
CUST-1566,47,25.71,One-Year,Basic,Bank Transfer,0,1,0,29.3,10,4,1,0
CUST-1318,41,84.0,Two-Year,Standard,Mailed Check,0,4,0,10.4,18,5,1,0
CUST-1331,67,126.0,One-Year,Standard,Electronic Check,0,0,0,20.7,24,5,0,0
CUST-1036,10,112.76,Month-to-Month,Standard,Electronic Check,2,4,0,10.8,22,2,0,1
CUST-1481,60,39.21,One-Year,Premium,Electronic Check,0,3,0,43.5,2,5,,0
CUST-1619,17,87.57,One-Year,Premium,Bank Transfer,0,0,0,29.5,4,3,0,0
CUST-1965,8,77.53,One-Year,Basic,Credit Card,0,1,0,35.4,18,1,0,1
CUST-1346,48,123.25,One-Year,Premium,Electronic Check,3,5,0,15.0,6,2,0,0
CUST-1993,27,35.64,One-Year,Premium,Credit Card,0,3,0,16.3,23,5,1,0
CUST-1389,12,63.33,Month-to-Month,Basic,Electronic Check,0,7,1,9.3,8,1,1,1
CUST-1466,59,98.05,Two-Year,Premium,Mailed Check,0,3,0,44.5,6,5,1,0
CUST-1097,58,138.18,Two-Year,Premium,Bank Transfer,0,3,0,48.4,14,5,1,0
CUST-1647,69,125.5,One-Year,Standard,Mailed Check,0,2,0,2.2,28,4,1,0
CUST-1733,19,120.78,Month-to-Month,Standard,Electronic Check,0,5,0,22.7,21,3,0,0
CUST-1851,49,139.75,One-Year,Standard,Credit Card,0,1,0,6.2,,5,0,0
CUST-1742,56,32.49,Two-Year,Standard,Electronic Check,0,5,0,19.8,13,5,1,0
CUST-1252,18,149.01,One-Year,Standard,Mailed Check,0,5,0,5.1,10,2,1,1
CUST-1085,72,62.85,One-Year,Standard,Electronic Check,0,3,0,29.4,30,5,1,0
CUST-1095,60,118.08,Two-Year,Standard,Electronic Check,0,5,0,18.7,15,5,1,0
CUST-1557,33,52.13,One-Year,Basic,Electronic Check,0,2,0,11.0,2,5,0,0
CUST-1259,26,121.13,One-Year,Basic,Electronic Check,0,2,0,22.8,29,5,1,0
CUST-1487,3,103.9,One-Year,Basic,Credit Card,0,5,0,23.0,9,3,0,0
CUST-1089,11,55.37,One-Year,Standard,Mailed Check,0,3,0,30.7,3,9,1,0
CUST-1778,20,69.54,One-Year,Basic,Credit Card,0,1,0,39.9,20,4,1,0
CUST-1500,34,87.21,One-Year,Basic,Electronic Check,0,3,0,7.7,27,4,1,0
CUST-1040,11,81.14,One-Year,Premium,Credit Card,0,2,0,14.6,30,1,0,1
CUST-1390,72,86.83,One-Year,Premium,Electronic Check,6,2,0,42.6,18,3,0,0
CUST-1028,34,43.21,One-Year,Basic,Credit Card,0,2,0,13.9,19,5,0,0
CUST-1503,24,74.13,Month-to-Month,Basic,Mailed Check,6,2,0,39.3,3,2,1,1
CUST-1702,65,56.87,Two-Year,Standard,Electronic Check,0,3,0,2.2,29,4,1,0
CUST-1913,53,124.25,Two-Year,Standard,Electronic Check,0,5,0,39.0,7,,1,0
CUST-1636,9,62.82,Month-to-Month,Standard,Electronic Check,0,1,0,10.6,0,2,1,0
CUST-1602,51,146.16,Two-Year,Standard,Mailed Check,1,4,0,39.7,3,,1,0
CUST-1706,11,94.33,Month-to-Month,Premium,Bank Transfer,0,5,0,25.6,7,2,0,1
CUST-1939,63,52.95,One-Year,Premium,Mailed Check,1,3,1,16.4,28,2,1,0
CUST-1101,24,143.65,One-Year,Standard,Bank Transfer,0,1,0,13.2,25,5,0,0
CUST-1789,6,144.78,One-Year,Premium,Bank Transfer,0,3,1,47.8,18,2,0,1
CUST-1552,27,20.93,One-Year,Standard,Credit Card,0,4,0,8.5,6,5,0,0
CUST-1771,67,53.81,Two-Year,Standard,Bank Transfer,0,0,0,27.9,,5,1,0
CUST-1393,34,138.67,One-Year,Basic,Electronic Check,0,2,0,3.2,15,5,0,0
CUST-1889,59,22.1,Two-Year,Standard,Mailed Check,0,0,0,37.9,26,4,0,0
CUST-1882,9,115.48,One-Year,Basic,Credit Card,0,4,0,5.3,29,2,0,0
CUST-1485,31,97.98,One-Year,Standard,Mailed Check,0,5,0,18.1,4,5,1,0
CUST-1718,50,50.73,One-Year,Standard,Credit Card,0,4,0,36.6,9,4,0,0
CUST-1262,22,62.73,One-Year,Premium,Electronic Check,0,0,0,25.0,3,4,1,0
CUST-1952,26,39.59,One-Year,Standard,Bank Transfer,0,1,0,20.5,19,5,0,0
CUST-1994,62,28.23,Two-Year,Basic,Bank Transfer,0,5,0,3.4,13,4,0,0
CUST-1328,14,54.12,Month-to-Month,Basic,Mailed Check,0,1,0,18.8,4,2,0,0
CUST-1512,34,133.31,Month-to-Month,Standard,Credit Card,0,9,1,17.4,21,3,0,0
CUST-1033,25,113.38,One-Year,Standard,Mailed Check,0,5,0,35.9,27,5,1,0
CUST-1504,62,79.03,Two-Year,Premium,Credit Card,0,0,0,48.1,10,4,1,0
CUST-1696,53,54.16,Two-Year,Basic,Mailed Check,0,1,0,26.3,18,5,0,0
CUST-1043,14,110.64,One-Year,Premium,Credit Card,0,4,0,25.2,13,1,1,0
CUST-1608,15,78.59,Month-to-Month,Basic,Bank Transfer,0,6,1,36.7,3,1,0,1
CUST-1630,16,117.96,Month-to-Month,Premium,Credit Card,0,4,0,12.2,14,1,0,0
CUST-1651,14,111.15,One-Year,Premium,Bank Transfer,0,4,0,17.7,3,1,1,0
CUST-1490,13,127.17,One-Year,Standard,Credit Card,0,4,0,22.8,10,1,0,0
CUST-1604,47,102.02,Two-Year,Basic,Bank Transfer,0,3,0,7.6,7,4,1,0
CUST-1635,66,98.64,Two-Year,Basic,Electronic Check,0,3,0,38.6,7,5,1,0
CUST-1439,6,67.52,Month-to-Month,Premium,Credit Card,3,1,0,21.1,3,3,0,1
CUST-1312,26,87.31,One-Year,Premium,Credit Card,0,4,0,43.5,29,5,1,0
CUST-1214,51,111.09,Two-Year,Standard,Electronic Check,2,1,0,7.2,24,4,1,0
CUST-1384,61,123.64,Two-Year,Basic,Mailed Check,0,3,0,22.4,10,5,1,0
CUST-1398,50,100.02,Two-Year,Basic,Bank Transfer,0,2,0,32.2,21,5,0,0
CUST-1352,28,115.45,One-Year,Standard,Mailed Check,0,5,0,33.1,3,4,0,0
CUST-1308,18,131.15,One-Year,Basic,Bank Transfer,0,5,0,5.8,16,3,0,0
CUST-1612,61,86.94,Two-Year,Basic,Credit Card,3,2,0,35.2,25,3,0,0
CUST-1715,42,75.82,One-Year,Standard,Bank Transfer,0,5,0,7.5,10,5,1,0
CUST-1011,47,$134.23,Two-Year,Basic,Credit Card,0,4,0,5.3,15,4,1,0
CUST-1413,9,21.55,Month-to-Month,Premium,Credit Card,0,2,0,22.8,50,,0,0
CUST-1678,23,85.43,Month-to-Month,Standard,Mailed Check,0,3,0,33.5,29,3,0,1
CUST-1367,53,144.96,Two-Year,Standard,Electronic Check,2,1,0,3.0,19,5,0,0
CUST-1433,54,42.26,Two-Year,Basic,Electronic Check,0,5,0,36.4,18,4,1,0
CUST-1122,10,78.5,One-Year,Premium,Electronic Check,0,4,0,18.9,30,5,0,0
CUST-1464,13,140.15,One-Year,Premium,Mailed Check,0,4,0,37.6,3,3,0,0
CUST-1260,12,137.89,One-Year,Premium,Mailed Check,0,0,0,14.9,23,3,0,0
CUST-1069,57,142.88,Two-Year,Standard,Mailed Check,0,3,0,9.6,12,4,1,0
CUST-1968,58,21.56,Two-Year,Premium,Credit Card,0,2,0,35.0,30,5,0,0
CUST-1697,70,120.67,Two-Year,Standard,Bank Transfer,0,1,0,23.9,0,4,1,0
CUST-1795,63,123.58,Two-Year,Premium,Electronic Check,1,2,0,48.6,28,5,0,0
CUST-1848,43,90.39,Two-Year,Premium,Credit Card,0,2,0,28.9,14,4,1,0
CUST-1191,8,94.11,One-Year,Standard,Bank Transfer,0,5,0,23.8,30,1,1,0
CUST-1213,59,146.69,One-Year,Premium,Credit Card,0,5,0,14.8,18,4,1,0
CUST-1124,71,55.68,Two-Year,Standard,Credit Card,0,1,0,24.1,5,5,0,0
CUST-1303,67,131.75,Two-Year,Premium,Mailed Check,4,4,0,46.3,56,2,1,0
CUST-1032,43,32.14,One-Year,Premium,Electronic Check,1,1,0,21.3,15,5,1,0
CUST-1017,52,137.32,One-Year,Standard,Credit Card,0,2,0,31.8,9,5,0,0
CUST-1025,32,106.7,One-Year,Premium,Mailed Check,0,5,0,47.3,27,5,1,0
CUST-1196,39,40.67,Two-Year,Basic,Electronic Check,0,2,0,26.7,1,5,0,0
CUST-1835,51,110.84,Two-Year,Premium,Mailed Check,0,5,0,46.8,12,5,0,0
CUST-1099,37,52.76,Two-Year,Premium,Bank Transfer,0,4,0,46.8,9,4,1,0
CUST-1654,42,47.56,Two-Year,Standard,Credit Card,0,2,0,15.8,9,5,1,0
CUST-1555,47,87.24,One-Year,Premium,Bank Transfer,0,8,1,26.9,10,1,0,1
CUST-1215,53,35.7,Two-Year,Basic,Mailed Check,0,2,0,5.4,25,4,1,0
CUST-1846,56,55.72,Two-Year,Basic,Electronic Check,0,0,0,36.6,21,5,1,0
CUST-1311,66,87.06,One-Year,Premium,Bank Transfer,0,2,0,12.0,5,5,1,0
CUST-1416,8,69.76,Month-to-Month,Basic,Electronic Check,0,2,0,4.6,29,4,0,1
CUST-1774,34,132.98,Month-to-Month,Basic,Bank Transfer,1,2,1,9.0,16,2,0,1
CUST-1248,8,124.71,One-Year,Standard,Electronic Check,4,5,0,39.9,8,4,0,0
CUST-1314,33,110.24,One-Year,Premium,Mailed Check,0,2,0,29.4,14,5,1,0
CUST-1712,38,80.72,Two-Year,Standard,Mailed Check,0,2,0,28.1,28,4,1,0
CUST-1074,2,54.38,Month-to-Month,Standard,Electronic Check,0,5,0,16.5,20,1,0,1
CUST-1938,34,134.65,One-Year,Premium,Electronic Check,0,5,0,22.4,57,5,1,0
CUST-1148,71,137.38,One-Year,Premium,Bank Transfer,0,4,0,37.9,22,5,1,0
CUST-1508,6,86.73,Month-to-Month,Premium,Bank Transfer,0,5,0,30.8,20,1,0,0
CUST-1111,43,37.34,Two-Year,Premium,Electronic Check,0,1,0,38.0,22,4,1,0
CUST-1820,6,149.45,One-Year,Standard,Electronic Check,0,4,0,34.8,29,5,0,0
CUST-1517,64,100.95,Two-Year,Standard,Mailed Check,0,0,0,29.6,15,5,1,0
CUST-1813,36,56.94,One-Year,Premium,Electronic Check,0,3,0,33.3,20,5,1,0
CUST-1915,30,61.15,One-Year,Basic,Credit Card,0,2,0,26.3,24,5,1,0
CUST-1001,15,23.25,One-Year,Basic,Bank Transfer,0,0,0,35.9,2,1,1,0
CUST-1734,43,135.88,Two-Year,Premium,Mailed Check,0,5,0,36.3,4,5,0,0
CUST-1193,54,68.77,One-Year,Premium,Credit Card,0,5,0,47.6,11,5,1,0
CUST-1772,5,100.02,Month-to-Month,Standard,Electronic Check,3,4,0,23.6,10,4,0,0
CUST-1917,52,130.79,One-Year,Premium,Electronic Check,4,3,0,15.9,30,2,1,0
CUST-1711,47,34.92,One-Year,Basic,Electronic Check,0,0,0,37.7,8,4,,0
CUST-1855,3,62.25,Month-to-Month,Basic,Mailed Check,5,2,0,35.6,20,3,1,1
CUST-1160,69,104.33,Two-Year,Standard,Electronic Check,0,3,0,32.5,23,4,1,0
CUST-1465,66,49.58,One-Year,Standard,Credit Card,3,4,0,28.8,17,3,1,0
CUST-1660,34,59.44,Month-to-Month,Standard,Electronic Check,0,1,0,22.3,35,4,0,0
CUST-1656,25,45.08,One-Year,Basic,Credit Card,0,4,0,29.6,24,4,1,0
CUST-1232,70,54.48,Two-Year,Standard,Bank Transfer,0,3,0,33.9,4,5,1,0
CUST-1109,19,57.87,Month-to-Month,Premium,Electronic Check,0,3,0,37.4,16,1,0,0
CUST-1770,56,132.55,Two-Year,Premium,Credit Card,0,4,0,39.4,21,5,1,0
CUST-1705,51,129.59,Two-Year,Standard,Bank Transfer,1,1,0,18.6,20,4,0,0
CUST-1418,5,106.4,Month-to-Month,Basic,Electronic Check,6,4,0,37.7,15,2,1,0
CUST-1768,5,55.14,One-Year,Standard,Electronic Check,5,0,0,16.6,0,4,1,0
CUST-1360,3,68.96,One-Year,Premium,Credit Card,0,0,0,42.0,19,4,0,1
CUST-1591,42,61.95,Two-Year,Basic,Bank Transfer,0,3,0,6.6,6,4,1,0
CUST-1225,51,96.18,Two-Year,Standard,Electronic Check,0,1,0,18.6,20,4,0,0
CUST-1403,64,130.08,One-Year,Premium,Electronic Check,0,4,0,13.3,1,4,1,0
CUST-1840,43,129.74,Two-Year,Basic,Bank Transfer,0,4,0,35.1,2,5,1,0
CUST-1673,32,69.81,One-Year,Standard,Mailed Check,0,1,0,24.1,13,5,1,0
CUST-1536,40,135.58,One-Year,Basic,Mailed Check,0,1,1,23.8,18,3,1,0
CUST-1405,40,99.7,Two-Year,Premium,Credit Card,0,4,0,33.8,10,5,1,0
CUST-1960,2,115.5,Month-to-Month,Standard,Mailed Check,0,3,0,3.4,21,4,0,0
CUST-1562,19,39.16,One-Year,Premium,Electronic Check,0,0,0,37.0,4,5,0,0
CUST-1383,71,62.11,One-Year,Basic,Electronic Check,0,5,0,38.5,26,5,0,0
CUST-1817,28,144.2,One-Year,Standard,Bank Transfer,0,4,0,28.4,8,5,0,0
